alert_id,alert_date,trader_id,deal_number,model_name
468cbf73-ed73-481f-bea0-12dd954a805c,2023-12-16,trader_0,deal_0,model_5
369b97e0-fce7-4f33-8aec-c01c163c2892,2023-11-28,trader_1,deal_1,model_1
31a6fece-73d9-4044-aef2-826cc0bda62a,2023-12-09,trader_2,deal_2,model_4
9ffc6393-822e-46cf-975f-2b00bada6a0e,2023-06-27,trader_3,deal_3,model_4
b7388e55-336f-4299-ae91-fcd691fc263a,2023-12-20,trader_4,deal_4,model_3
9eee0ca7-48a3-4a56-96ad-0fde9ff6bb7c,2023-08-13,trader_5,deal_5,model_1
37790e65-1303-4ec5-ae2d-a2fa2f2275ef,2023-11-17,trader_6,deal_6,model_3
59ab72bf-5861-4a08-be0b-ae447b63249c,2023-04-08,trader_7,deal_7,model_2
692c12b4-b6d2-475b-9623-af8bd9716de9,2023-07-04,trader_8,deal_8,model_3
bdcde240-5086-45b1-9768-4ef99370463d,2023-01-23,trader_9,deal_9,model_5
07380674-bacf-4a6b-8c33-2d89c7f39930,2023-04-29,trader_10,deal_10,model_5
a6510c7a-6b3c-4743-b24a-2d1cc420dfeb,2023-07-05,trader_11,deal_11,model_4
a1f18e41-7bb2-41b9-90ff-71431323547d,2023-11-12,trader_12,deal_12,model_5
6e1b40b1-9536-4c30-b23c-3916b5bc4182,2023-08-09,trader_13,deal_13,model_2
41199a61-993c-4f63-a554-4bd8ad9c19b4,2023-04-30,trader_14,deal_14,model_2
9c9380d0-5407-4364-ac27-821c93efc2d4,2023-10-09,trader_15,deal_15,model_5
140809de-d410-430d-a3de-b62ac3d8e14a,2023-02-28,trader_16,deal_16,model_4
af538797-fe44-4079-b9c0-618e0c3b726a,2023-02-13,trader_17,deal_17,model_3
1b0d6a83-c390-43b6-b959-93dfcb177fac,2023-08-10,trader_18,deal_18,model_4
80a39815-c19f-44d1-b9b6-181dcc6cbbdc,2023-11-05,trader_19,deal_19,model_5
c3f686d9-afaa-41f3-b63b-e93954774644,2023-08-31,trader_20,deal_20,model_2
1ee7f879-587d-495b-a557-7dd26ec48c58,2023-01-02,trader_21,deal_21,model_1
09803751-ea6d-4bd3-953d-635e4f3846cc,2023-12-05,trader_22,deal_22,model_1
571bf8a0-5b6c-40ca-ac7b-a229c59a506c,2023-09-29,trader_23,deal_23,model_3
11437d7c-2836-4333-aca3-18576c208495,2023-09-01,trader_24,deal_24,model_4
c4857e29-991e-47ba-bde1-b63b404d22f3,2023-05-31,trader_25,deal_25,model_1
0c759157-b3f4-4d9a-a808-229b12a36938,2023-10-17,trader_26,deal_26,model_2
847c9b52-ef88-4342-a940-112bde4e7254,2023-06-29,trader_27,deal_27,model_3
40415dad-859e-442e-b8f9-c823a1f82308,2023-06-29,trader_28,deal_28,model_1
c7b3e331-a869-4e5d-970c-7d23ffaa644a,2023-02-27,trader_29,deal_29,model_2
7204c153-a08e-47c5-9dff-878a4fe4b9eb,2023-02-16,trader_30,deal_30,model_5
07efc61b-d1f3-4b48-b4bb-5e960da62355,2023-03-08,trader_31,deal_31,model_2
1c06ece5-7eab-47a1-b39a-fc66899495ce,2023-09-17,trader_32,deal_32,model_3
e471ab1c-cdaf-4e61-8c96-0abb1c8f45c5,2023-08-19,trader_33,deal_33,model_2
720f6e0a-4bce-4674-999d-f8e425b7609a,2023-07-18,trader_34,deal_34,model_1
4e8ea823-3c79-4a32-b739-2b204a2cfe6b,2023-06-03,trader_35,deal_35,model_2
35d46a8a-2b4e-4d05-8895-b6d7cbda1d4c,2023-09-26,trader_36,deal_36,model_2
6191d65f-8994-4b57-ac12-f777f77952a7,2023-12-29,trader_37,deal_37,model_3
00e28e2b-8ccf-4c7e-b938-396a3fdab130,2023-12-09,trader_38,deal_38,model_4
201216bd-1c06-45c2-8491-6cdf3d615db8,2023-01-07,trader_39,deal_39,model_4
4efbe0c6-6ff5-499f-8b95-d449afa07b5d,2023-05-25,trader_40,deal_40,model_3
b7ce06ec-b7ef-4515-ad50-1e45ebd3cf04,2023-04-20,trader_41,deal_41,model_2
3af51ba6-aafc-4031-b8c4-ebc6548008d1,2023-07-14,trader_42,deal_42,model_4
88d155ea-79c9-4a5f-8394-ae4d964f917f,2023-05-21,trader_43,deal_43,model_4
0ecd946d-003b-4ee2-b619-95d4ab52a454,2023-01-08,trader_44,deal_44,model_5
5cc49d17-af3b-4aad-b111-c624cbfadf2a,2023-06-14,trader_45,deal_45,model_1
3bfe383d-60ab-4dac-b8eb-9cd1b8258da9,2023-02-18,trader_46,deal_46,model_5
76f2eab4-90ba-4071-b22f-973101ab8093,2023-03-20,trader_47,deal_47,model_2
db1c198b-9f31-4b7a-8440-11e2e4a970e3,2023-10-24,trader_48,deal_48,model_1
34ad5ba9-f459-4fab-a6e8-1dd49c332ddd,2023-08-18,trader_49,deal_49,model_3
835911e8-5311-4be9-83d3-734d84efaa5f,2023-11-09,trader_50,deal_50,model_1
b898b568-6d50-46ef-a46a-88e90117569d,2023-01-16,trader_51,deal_51,model_3
98ad67f3-10a7-4863-a480-c85defc253c6,2023-08-04,trader_52,deal_52,model_4
1cb0f6d8-9626-49b4-8583-2fba3c83b2b1,2023-04-26,trader_53,deal_53,model_4
c992ef45-f2e2-41bf-ab69-5d1db0ff46c0,2023-11-01,trader_54,deal_54,model_2
d2d3f306-d96f-4da1-ba69-443bb2e39cda,2023-01-24,trader_55,deal_55,model_1
7cec348f-8958-4c3c-9715-785312f9dde5,2023-12-26,trader_56,deal_56,model_3
3bb68e05-0d0b-4416-a35b-dd9acd3ecacc,2023-08-11,trader_57,deal_57,model_2
86321722-a6de-4af6-9a7b-1f684336bde8,2023-12-10,trader_58,deal_58,model_5
f700f8a4-3d0c-488f-bf6b-a13ab6c30ad2,2023-10-15,trader_59,deal_59,model_2
4ffcbcd5-0646-47ea-88c5-89632c200ac2,2023-05-21,trader_60,deal_60,model_5
63afc283-a2eb-41f9-acc7-b811ee2ae591,2023-07-31,trader_61,deal_61,model_4
d983f943-7b36-4d57-8dec-d2f16011ee82,2023-05-26,trader_62,deal_62,model_1
76287d60-47e7-4d84-bd50-c1070d296bb5,2023-09-24,trader_63,deal_63,model_4
a9991cb0-71c9-4764-a525-2f7d4db9a4fe,2023-07-15,trader_64,deal_64,model_3
de134af2-b7fc-4b7c-9322-d12fc31cc776,2023-08-28,trader_65,deal_65,model_3
9498f04d-026f-4f2a-80ed-2a00f47b21e9,2023-02-23,trader_66,deal_66,model_3
80c298d7-4bf1-448a-9c07-7809fd2d14bb,2023-12-22,trader_67,deal_67,model_3
a9f11d0a-e7e2-44ad-a59c-c47fae914314,2023-05-19,trader_68,deal_68,model_5
5defcfbb-007e-4b6e-bf15-41279bf8fb3c,2023-08-09,trader_69,deal_69,model_5
f0eb80d3-b4e6-4f99-b8b7-9886e738277f,2023-02-19,trader_70,deal_70,model_3
32d84d79-f517-41da-9604-67cbbece6563,2023-07-23,trader_71,deal_71,model_3
831f982f-b6a0-4598-b03b-c6d087a43b77,2023-08-31,trader_72,deal_72,model_5
cfaa2f85-25d3-40e7-8884-88b660bce2ca,2023-01-07,trader_73,deal_73,model_5
0f409c67-aa5a-419b-987f-6db2a966cc1e,2023-01-05,trader_74,deal_74,model_4
5ea8c396-7865-4184-9904-f2e43629f6e9,2023-08-09,trader_75,deal_75,model_1
a1c2c46d-5e37-49e9-a066-333c75ca031f,2023-03-06,trader_76,deal_76,model_5
a367a454-c8d2-4d5b-9ef7-c8e08c59a08d,2023-01-24,trader_77,deal_77,model_4
4489f0fd-fc7a-45b1-8c02-68da3991ed30,2023-11-09,trader_78,deal_78,model_4
43ba511a-7e99-4389-8ce7-591eb568c64f,2023-06-29,trader_79,deal_79,model_5
cb3292f4-7e17-4fa7-9749-f0e5e47bfd90,2023-11-26,trader_80,deal_80,model_4
46863908-6c5b-4f08-b3dd-f40e4e7fc4fe,2023-04-26,trader_81,deal_81,model_2
093f7bde-9cf1-441d-ae55-41caaf30c13b,2023-03-07,trader_82,deal_82,model_1
b069baf6-a64f-4b72-98cc-31de4b9c98d5,2023-10-13,trader_83,deal_83,model_3
f7f4451a-bb90-426d-8c5a-12b28f453b73,2023-09-29,trader_84,deal_84,model_3
caa72529-20fc-4387-99b0-5c0852198bc2,2023-03-17,trader_85,deal_85,model_3
1ab19e4a-d927-48f6-80fb-a5b4b6a9815d,2023-07-26,trader_86,deal_86,model_2
79ac3de0-8a86-4d8f-b849-c77869da49d0,2023-11-10,trader_87,deal_87,model_2
c59b34e3-835f-49c0-a732-29cca09770d9,2023-06-23,trader_88,deal_88,model_3
f1296bd9-ed54-4427-9610-5626cb76b026,2023-01-14,trader_89,deal_89,model_2
93e5ce60-3785-4e0c-8ab1-3aba4e6fe679,2023-05-11,trader_90,deal_90,model_5
d59b7572-a431-47a5-8567-600b2b6b1cb3,2023-09-20,trader_91,deal_91,model_1
d97b0abb-c455-45b2-b0cf-83791b4263a5,2023-01-20,trader_92,deal_92,model_1
c75ac975-05cb-48fd-91a2-65265a4c435c,2023-08-12,trader_93,deal_93,model_4
4c27ef48-b33a-43ee-863c-6e338f50ea90,2023-06-08,trader_94,deal_94,model_5
148eaba1-03fa-4a4a-933e-8cff3e5d608d,2023-10-12,trader_95,deal_95,model_4
ee3f7b5f-9e4c-4eee-9520-10b3015fdd6b,2023-05-29,trader_96,deal_96,model_5
33643916-a221-452d-81da-b69552296f45,2023-08-11,trader_97,deal_97,model_5
102127e4-fed3-4165-b8b4-32c6049fcb14,2023-04-06,trader_98,deal_98,model_1
16f6aaba-c298-457e-bd0b-332abbf3e52d,2023-05-14,trader_99,deal_99,model_3
d805c48d-cff4-4e01-80ff-e0947830ea1f,2023-06-07,trader_100,deal_100,model_1
11f09450-f7cd-47fb-9fd3-68bfab1c4231,2023-09-20,trader_101,deal_101,model_2
a8c9fcd4-8297-4110-82b4-f8ededf3e7fb,2023-05-22,trader_102,deal_102,model_5
2a2e4cbc-a450-4176-98eb-5dc9f3b22805,2023-10-09,trader_103,deal_103,model_5
a7b7b722-7bbc-4c8f-b949-c948ffed99f4,2023-05-21,trader_104,deal_104,model_1
e7cd310c-4c8d-45c5-a8a6-5ad4d32bc5c6,2023-11-28,trader_105,deal_105,model_3
a72776a7-c6b1-45f8-8d8e-13219fbd7da4,2023-04-11,trader_106,deal_106,model_1
86abd799-efc8-4861-b8f8-16b056b42c65,2023-06-12,trader_107,deal_107,model_4
2d52d519-7a29-4551-9721-d64701a2dc10,2023-12-09,trader_108,deal_108,model_1
e8f46518-ac8a-43f3-aa9a-64b54ecbbb21,2023-05-11,trader_109,deal_109,model_5
1ddb4b5c-ad79-4c83-abbc-5bca084e89c1,2023-11-04,trader_110,deal_110,model_1
7ea83c69-b31d-464a-a855-69b219cc6e25,2023-09-18,trader_111,deal_111,model_5
8b1da8c9-4aae-42cc-bf30-929e70574f43,2023-04-27,trader_112,deal_112,model_1
6d8eafaf-122d-4451-b736-9be1d231b6a2,2023-12-30,trader_113,deal_113,model_1
85d11a8a-06c1-43b0-b0a6-6da37d1b5854,2023-09-27,trader_114,deal_114,model_2
aff79e6a-04bc-487a-8fd6-4b1a5d28debd,2023-08-18,trader_115,deal_115,model_3
32a49110-ca00-464c-822a-632d418b17fb,2023-11-16,trader_116,deal_116,model_3
fe714d6b-bf88-4356-9be3-232c2cc2bedd,2023-06-18,trader_117,deal_117,model_1
9c991a4c-bffe-44df-a4df-443a5854f38c,2023-07-05,trader_118,deal_118,model_3
c78b60a4-e60f-44a7-a249-6cf4bbb9c30b,2023-11-18,trader_119,deal_119,model_1
3ed5f630-aa4b-4e76-b17f-8c93c0abedeb,2023-01-18,trader_120,deal_120,model_4
cdcea3d6-4552-46d4-ab72-083bb5a14bbe,2023-10-22,trader_121,deal_121,model_4
cb38c4ab-9efd-4b83-b318-944901f3c0fa,2023-05-24,trader_122,deal_122,model_1
c0e297d5-be47-49a0-8324-c727797b8868,2023-11-11,trader_123,deal_123,model_1
ca6dded2-ab16-4dc6-ac07-f55a4a5b1f0b,2023-03-14,trader_124,deal_124,model_4
8d57afd8-e888-498d-9b7b-484224fa4f25,2023-01-11,trader_125,deal_125,model_2
2b6db94e-5248-4045-9bd5-fec470dafd42,2023-01-05,trader_126,deal_126,model_4
649213c1-0e2e-42c4-ae90-59dcc8a30f00,2023-09-13,trader_127,deal_127,model_2
a1594f2a-95b2-42bc-916e-633097bda10e,2023-05-04,trader_128,deal_128,model_3
e248d3b8-9a83-4eab-bf68-9635767db9d2,2023-08-01,trader_129,deal_129,model_5
8ba5cbb6-d811-4321-af75-c295ffff2ca9,2023-10-13,trader_130,deal_130,model_4
8c1c1581-fa39-403d-b398-86a2ba46e236,2023-07-02,trader_131,deal_131,model_4
bc9107a7-bc77-4eec-8dd5-0f3a9d6379a2,2023-03-04,trader_132,deal_132,model_1
6059c541-0319-45a2-9b05-fde9f0f87c0d,2023-05-30,trader_133,deal_133,model_1
c009f795-2d2b-4a54-aa24-a5e55d1eeddd,2023-10-07,trader_134,deal_134,model_2
e99b512a-2d01-4dac-93b2-da6743404cc5,2023-12-28,trader_135,deal_135,model_5
4b74f5a7-7966-40c6-947f-fcecb27736a0,2023-08-14,trader_136,deal_136,model_3
4b1fa9ed-f465-4244-929f-5ffda67b1ae5,2023-03-04,trader_137,deal_137,model_5
f2d23bfa-4cf1-4ede-9647-cd36d79764a9,2023-09-25,trader_138,deal_138,model_3
545ca160-faca-4858-a67c-f61441fe6748,2023-11-03,trader_139,deal_139,model_3
75cd25d7-e856-4583-bfd8-c72a2403f6bf,2023-07-22,trader_140,deal_140,model_4
00750176-7657-4fd5-8bea-df037fd795c1,2023-01-24,trader_141,deal_141,model_3
750bfe99-81eb-496d-9fef-203072e1d89d,2023-02-04,trader_142,deal_142,model_4
8c132426-2ca0-455a-9ea3-0672c51b1291,2023-10-13,trader_143,deal_143,model_4
f0a68cc9-79eb-4424-9f43-fd60d06beaca,2023-09-19,trader_144,deal_144,model_4
b4c260d8-97f8-42e4-a272-c42b11a0f975,2023-10-09,trader_145,deal_145,model_1
a64eb745-a250-4eab-8306-87722c66bacf,2023-10-15,trader_146,deal_146,model_1
4893586f-10e0-48b8-86d6-556a5fe190e3,2023-09-28,trader_147,deal_147,model_1
38e4b34a-46a8-48ab-8b06-9f44cced0a12,2023-03-17,trader_148,deal_148,model_5
a162f886-d26b-4992-9e73-fea0c933a75a,2023-09-24,trader_149,deal_149,model_5
8a29d793-838e-4221-b2f5-c8e106aa8267,2023-06-19,trader_150,deal_150,model_3
b0cd2673-328d-412f-b581-84a627f7023c,2023-10-23,trader_151,deal_151,model_3
d5b978eb-d8ff-4349-a165-b1975c46c3ec,2023-12-25,trader_152,deal_152,model_2
d4fb6dca-4260-4700-bd0d-489814292b76,2023-01-05,trader_153,deal_153,model_3
8a1b019c-a792-4b9f-88e8-070e85f47e22,2023-06-09,trader_154,deal_154,model_2
871ba8d1-d71a-485c-a4f7-5f5092657fff,2023-12-28,trader_155,deal_155,model_2
627cc3df-5569-482c-91eb-46cb9d4573c8,2023-07-12,trader_156,deal_156,model_4
0001f57e-1815-4acc-aec3-ca706daf6851,2023-03-10,trader_157,deal_157,model_2
b97af415-a71c-48de-8fa5-d0861556d050,2023-09-09,trader_158,deal_158,model_4
3e58b0c1-33b3-4eea-857d-e191b27d459d,2023-11-13,trader_159,deal_159,model_5
6c92ec3c-0e19-4fd9-813d-7d7ff4183ced,2023-12-27,trader_160,deal_160,model_3
b9bde7c8-efcc-455a-9fa9-edd6021b4a1d,2023-06-03,trader_161,deal_161,model_3
89f659d5-00e3-4194-a9ff-1774456af09f,2023-10-01,trader_162,deal_162,model_5
9e41aa28-400d-436f-88c5-006444b0e216,2023-04-30,trader_163,deal_163,model_3
58da7194-bc10-4c3c-a16f-cd0742fc5252,2023-03-28,trader_164,deal_164,model_1
ad1e300e-7ee5-41fb-b68c-49217b1e4831,2023-03-10,trader_165,deal_165,model_4
7341efb2-f37c-43e4-ae21-e2f8e42ae839,2023-03-20,trader_166,deal_166,model_2
de3d5c55-4594-466f-a8e0-c68247dbebf9,2023-12-17,trader_167,deal_167,model_4
62ff38ef-11ba-4405-b308-ed250ce85083,2023-01-22,trader_168,deal_168,model_1
cf39ec9f-9156-49de-9ee0-8fce549622ef,2023-09-14,trader_169,deal_169,model_2
e6b80fc4-6bf2-4800-b5e4-f4e824fe16d1,2023-03-22,trader_170,deal_170,model_3
befeea25-06ba-427d-9f4c-d8d2cb883e67,2023-03-09,trader_171,deal_171,model_1
e4d4ee91-0ca7-40af-8251-cd8e82481189,2023-09-14,trader_172,deal_172,model_5
3e3f93d2-29a6-44a3-9b98-89cf762a36d7,2023-03-06,trader_173,deal_173,model_3
3df8160c-2311-4ba5-a79d-32dbd7336b60,2023-04-16,trader_174,deal_174,model_2
fb487bc6-a9f3-4236-ac9b-e4b349968b52,2023-11-26,trader_175,deal_175,model_4
38116b0f-5ca3-46c8-a5ab-3a462ee9088e,2023-08-01,trader_176,deal_176,model_4
b5dc11ac-36d8-486d-9fcf-8bf2c6325240,2023-05-25,trader_177,deal_177,model_5
6bd0b263-b030-4667-8f62-441a09a46c10,2023-10-20,trader_178,deal_178,model_5
56995bb7-470a-4cb8-9454-ece2ca05c1a1,2023-06-14,trader_179,deal_179,model_2
c36c5127-5c61-42c9-8a6a-989ac90f0beb,2023-02-15,trader_180,deal_180,model_4
0ebd1aa4-03cd-42e7-a05c-56bd67da0c6c,2023-11-23,trader_181,deal_181,model_1
74d47979-3247-4417-a6da-3f0d49ba35e9,2023-11-18,trader_182,deal_182,model_3
836f0dd2-9c17-43e8-87a6-2ef948664a45,2023-05-06,trader_183,deal_183,model_2
5eb73b0e-69ca-4a12-89cf-36cb9cc5918e,2023-06-13,trader_184,deal_184,model_5
77ec69b3-9883-4972-8546-a79497703605,2023-04-09,trader_185,deal_185,model_3
11c0c369-124f-4215-a843-f25d30711397,2023-12-13,trader_186,deal_186,model_5
98fcc632-22c1-4fcb-a25e-067e1a590185,2023-05-04,trader_187,deal_187,model_5
265b5cf3-4fa7-4a7f-9e08-2f4cbf04edf5,2023-11-01,trader_188,deal_188,model_4
7b05cbe5-fd84-4bb6-aa6a-13c0dbed894b,2023-05-02,trader_189,deal_189,model_3
32f523f6-b9f3-4051-ab39-94029a459bbe,2023-09-23,trader_190,deal_190,model_3
e998a970-688d-4b62-bffa-0fd1dbaece92,2023-10-24,trader_191,deal_191,model_4
7f3c12ef-61e9-4ce5-a803-01a1b7c95755,2023-05-19,trader_192,deal_192,model_3
6ebf9016-4531-4823-b2a2-d2ecb0393a53,2023-09-03,trader_193,deal_193,model_2
60eae0ba-e90e-4d5f-bad5-d2ab7b685857,2023-11-23,trader_194,deal_194,model_3
41b9b825-db8a-4146-8eb9-6c88a14bd1e3,2023-08-10,trader_195,deal_195,model_4
55d8593b-d6b9-4b93-981d-47169f941e8e,2023-07-10,trader_196,deal_196,model_1
f73b1265-a2e3-4c93-97be-a1bb8e43168b,2023-02-06,trader_197,deal_197,model_3
22569050-9937-4c1a-a0be-6a4e49396007,2023-04-17,trader_198,deal_198,model_1
7b0dd94f-1e53-45fa-aaa3-737c83d86cf3,2023-12-09,trader_199,deal_199,model_1
924eb944-875c-4a4d-b952-0f319f44a4fe,2023-11-24,trader_200,deal_200,model_2
191e56f7-2b5e-4694-abc1-079f44fb8059,2023-08-28,trader_201,deal_201,model_3
ac5d1be1-b183-4de5-a214-54a9139734f2,2023-02-25,trader_202,deal_202,model_3
48ee9234-b945-43a8-ab9b-810de08ec5c8,2023-12-04,trader_203,deal_203,model_5
b74a61b7-122a-4f55-ad0a-e72a3017cb27,2023-11-12,trader_204,deal_204,model_4
ae10184c-3501-475c-bfa3-e3b362c80d6f,2023-09-24,trader_205,deal_205,model_2
4d5e468b-8d00-401b-837e-3eacc04681a3,2023-12-30,trader_206,deal_206,model_4
bb353c26-c696-4d78-8a70-f41425cf3f9a,2023-11-05,trader_207,deal_207,model_3
cf5878ed-b05f-4e65-a01f-b879669de6e4,2023-05-08,trader_208,deal_208,model_2
c3b8eb6b-c8af-431e-bb8f-073a8d61fdf2,2023-05-30,trader_209,deal_209,model_3
4ffd707e-df16-47fc-96dc-ba15e93a4035,2023-02-04,trader_210,deal_210,model_5
b15d2763-1e0a-4a7e-b51c-d0292cb806cd,2023-08-25,trader_211,deal_211,model_3
4b883b91-4667-4887-8416-86737fe42367,2023-09-23,trader_212,deal_212,model_3
1ce9639e-4da7-4780-88f3-7bf01dabf020,2023-04-12,trader_213,deal_213,model_5
c37596a6-7b65-49a2-910b-251389b7ca80,2023-09-24,trader_214,deal_214,model_4
387e3cba-72bb-43bf-ad24-9188a6929e02,2023-02-24,trader_215,deal_215,model_4
9385f6da-cc3b-4aaa-8b90-52ac2e9d118d,2023-08-24,trader_216,deal_216,model_3
2d0cb621-a1a7-4117-bd5f-7e51b382d280,2023-02-10,trader_217,deal_217,model_5
3c2ddbc0-7d45-4a3f-9513-1aab9beeba2d,2023-05-15,trader_218,deal_218,model_4
deec1edf-77c9-46c6-9da3-e6640c61fc69,2023-08-12,trader_219,deal_219,model_3
ec8249a5-47fc-45af-94c5-ab5a52509e93,2023-06-21,trader_220,deal_220,model_1
0a24e4a7-044c-4e0a-8666-1ed83965c19e,2023-06-15,trader_221,deal_221,model_1
62a4c622-83ca-494a-a506-18260d9bccb3,2023-11-28,trader_222,deal_222,model_2
dcfe4aa5-a569-4fea-8cd2-5606a28a624b,2023-03-31,trader_223,deal_223,model_3
8b33c929-c9d2-44a7-a2cb-9e2f49634cb7,2023-01-30,trader_224,deal_224,model_5
fb6dd9b6-2981-4fc3-87e7-003701b77d01,2023-06-04,trader_225,deal_225,model_2
26f4a025-1a14-4c93-ad86-ea7bccd7ce06,2023-06-15,trader_226,deal_226,model_5
0c9de645-6ede-47b1-a6be-c42ec92acd65,2023-01-14,trader_227,deal_227,model_1
5de7ceb7-7a4c-459c-a6e7-0fbda29d47f3,2023-01-02,trader_228,deal_228,model_2
90652ce8-fb36-4819-abc5-35f78c19e8c4,2023-10-14,trader_229,deal_229,model_4
7e6bf1d6-6c30-42e9-99eb-6ff8d7ecf4a0,2023-02-10,trader_230,deal_230,model_5
8d7c5875-b12b-46ca-b819-ef22e9532c46,2023-12-25,trader_231,deal_231,model_3
99c76273-dc89-4e6d-a8d8-63a18f619953,2023-05-26,trader_232,deal_232,model_3
5521c143-d5be-4c22-9d72-a15b9faeabf5,2023-10-16,trader_233,deal_233,model_4
dba4c428-992c-483d-a60f-e48b8521e33e,2023-08-15,trader_234,deal_234,model_2
f33f5574-5f8c-4d8a-84b8-67d006103ad9,2023-06-05,trader_235,deal_235,model_4
7270cdd3-a354-47e6-ac9f-1aac232cf29f,2023-07-31,trader_236,deal_236,model_4
7302171f-527d-4b9d-bd8b-a0135aec9e3d,2023-12-17,trader_237,deal_237,model_2
796abefb-2333-4783-8a3f-5b8330eb252f,2023-02-06,trader_238,deal_238,model_5
8c4f12f4-cce1-4db8-bcc3-5b5bd5c8e1f2,2023-07-21,trader_239,deal_239,model_5
d25fb2a4-ae0f-4c55-a6ea-413d7cddb01e,2023-11-23,trader_240,deal_240,model_3
06c5fdb2-f5bc-4d16-88f1-eb37ab18434d,2023-05-01,trader_241,deal_241,model_2
02d24f7c-c0d6-49fb-8a3a-7662711f78ce,2023-08-10,trader_242,deal_242,model_2
8d006922-0097-4b36-858c-4d8df2dcf219,2023-08-01,trader_243,deal_243,model_5
1cdf6ce6-9bda-4197-9a1e-d9463b2ff78e,2023-06-26,trader_244,deal_244,model_2
45ed330b-b17a-4fec-8344-0f9eb7305cc4,2023-08-29,trader_245,deal_245,model_5
74580903-95cc-4447-bcb3-0a5767002d1f,2023-04-29,trader_246,deal_246,model_3
1bfce137-0e58-48a5-b695-fa3b56eeefc2,2023-07-24,trader_247,deal_247,model_4
8c4b7326-2cd5-4355-9fe1-ba7c4ee71592,2023-11-13,trader_248,deal_248,model_5
0156a091-7f1c-492e-b4c7-3597bed32c4f,2023-12-23,trader_249,deal_249,model_1
08f51c5f-8820-483a-afad-22e8ef215ef7,2023-05-07,trader_250,deal_250,model_4
ae1004e0-a02b-4020-9057-045ab35da128,2023-07-14,trader_251,deal_251,model_3
9cec40d1-16ca-4bb6-b916-f8caf20af58c,2023-07-23,trader_252,deal_252,model_1
946e15b4-813b-4b67-8f79-313fa6969fbd,2023-12-14,trader_253,deal_253,model_2
96d836bf-8446-4c20-8817-ca1c43338e3e,2023-06-11,trader_254,deal_254,model_4
fead8813-963f-48bb-86d9-4ebf4a6b0cbf,2023-02-09,trader_255,deal_255,model_2
2ead4baf-a8b5-4dbe-96f1-8c8d7a4eb1df,2023-10-15,trader_256,deal_256,model_1
25f9df27-60f7-47b8-a49a-4f48d8138236,2023-05-12,trader_257,deal_257,model_4
234b69d1-eaed-406c-8abd-6456feecad3f,2023-09-16,trader_258,deal_258,model_4
aef2ef20-fa27-4f10-9192-b45398488eae,2023-08-14,trader_259,deal_259,model_4
49f23907-e7e8-48fa-909e-0c75a356de3a,2023-08-27,trader_260,deal_260,model_4
9535c83a-c95a-4bbb-973f-b35606e9caa2,2023-10-23,trader_261,deal_261,model_1
a3f1358b-8cf7-4497-909d-2cd72186d496,2023-08-01,trader_262,deal_262,model_4
ef43d292-8b32-48c5-8c39-50bc1fb74970,2023-09-04,trader_263,deal_263,model_3
8131f0f8-28e1-46db-8aa5-db74d7210aa4,2023-07-03,trader_264,deal_264,model_5
f8b554ca-7b0f-437d-94c7-9d676d8ad398,2023-03-13,trader_265,deal_265,model_1
4e072e55-d783-4f78-b267-513f509579db,2023-09-17,trader_266,deal_266,model_5
03c72d05-3b8c-4933-9397-e2b77b647b2a,2023-10-05,trader_267,deal_267,model_5
4873f120-f99d-4f5b-a87d-cb4151f78e7f,2023-10-09,trader_268,deal_268,model_5
7c8684a9-dfec-454e-9ec9-4f701a13001b,2023-08-29,trader_269,deal_269,model_4
f6be8390-2277-4f06-ad5c-a96a742660f3,2023-03-06,trader_270,deal_270,model_2
aa098013-4182-4543-812d-4e8387f99daa,2023-11-14,trader_271,deal_271,model_2
d9cdb768-0665-463e-b9e5-3aa3ba924cae,2023-06-26,trader_272,deal_272,model_3
d5bbb478-b215-4b32-88b7-25aca8c949c1,2023-09-28,trader_273,deal_273,model_5
932caf60-e346-4d24-b304-9518e9af79aa,2023-03-01,trader_274,deal_274,model_2
72650efc-3854-462c-a0ae-3b35e8f3cf54,2023-03-26,trader_275,deal_275,model_3
18032af2-4589-4f25-80f8-a7dc6a806151,2023-06-04,trader_276,deal_276,model_5
204f4964-4721-4dbb-9b0c-880b469095d8,2023-11-08,trader_277,deal_277,model_4
595afb28-7932-4868-a1c9-c9abafeeb417,2023-02-05,trader_278,deal_278,model_5
924feb6f-d9c4-41b4-be04-68cd718ca3cc,2023-05-01,trader_279,deal_279,model_3
bccb8f48-3ff9-4d10-b288-12b5881e9102,2023-07-25,trader_280,deal_280,model_3
baeab06f-90b1-4bb3-99ae-a50152264d32,2023-08-20,trader_281,deal_281,model_2
96d58153-65dc-4e6d-acd9-a8019e7cf783,2023-07-10,trader_282,deal_282,model_5
00c56b52-db78-4a3e-be03-b874a323a8f1,2023-04-01,trader_283,deal_283,model_5
1066e8d5-00bf-424f-a9cc-5c2ae53f3fd4,2023-07-03,trader_284,deal_284,model_4
ddba4644-f0b5-4de4-9ecd-6eb8602e6524,2023-05-08,trader_285,deal_285,model_3
6b844d9e-0083-4cf3-958f-e84f80803fa2,2023-07-13,trader_286,deal_286,model_2
217dc46b-cf76-433a-96da-d0830c5f8724,2023-10-25,trader_287,deal_287,model_3
3d6e668f-4f18-41b1-b728-e813373df072,2023-12-20,trader_288,deal_288,model_5
813369f5-3ac9-4ace-82cd-b7dbe045c13c,2023-12-16,trader_289,deal_289,model_5
e6eef578-9f15-43f9-81e8-b06f7f372a8e,2023-10-09,trader_290,deal_290,model_1
c2794945-47b8-4577-bee1-29c044d0704c,2023-04-03,trader_291,deal_291,model_5
762422b6-9993-421d-a30e-8cf1d3f527b6,2023-06-17,trader_292,deal_292,model_2
50830764-48ce-45ad-8c79-93d87d0f655a,2023-11-11,trader_293,deal_293,model_1
5fc89365-aaaf-4e22-b371-bb0364903357,2023-05-11,trader_294,deal_294,model_2
48e00daf-5b02-4ab3-bc67-e09e7dda6ab8,2023-11-25,trader_295,deal_295,model_4
230b5f81-4454-4222-93e3-5a49a182f918,2023-08-12,trader_296,deal_296,model_3
dc3bbe0b-abeb-4ae2-b9ef-5ec4451a42d4,2023-10-26,trader_297,deal_297,model_2
23b78a1e-96ce-4f03-a6ae-e6cecea67b3f,2023-09-27,trader_298,deal_298,model_1
84b4716d-aed2-4a0e-bbc9-1139e5728114,2023-06-04,trader_299,deal_299,model_5
8d9953ba-bb2d-4cb6-b081-627ce809133c,2023-04-14,trader_300,deal_300,model_5
23f93a9d-cb25-4a50-a3e7-744688a6ef98,2023-12-23,trader_301,deal_301,model_2
d5fdea0f-a824-4091-aa7f-d144425b96a2,2023-11-11,trader_302,deal_302,model_1
fa0ecad9-4cbe-41a7-aaea-538b65b8646f,2023-06-29,trader_303,deal_303,model_3
72db394b-3ef5-44a7-92ce-4d4976c83cf5,2023-08-18,trader_304,deal_304,model_4
4567586f-fa0a-470c-a3b6-ec5ea292239e,2023-08-25,trader_305,deal_305,model_3
5f4566b7-25e2-4c68-b149-01ebac45b614,2023-11-27,trader_306,deal_306,model_2
7a1e45b6-6b9d-4d9b-8cae-c0658ab92c1d,2023-10-31,trader_307,deal_307,model_3
723548c1-ad04-4d47-ab28-dbc24af8b0ef,2023-09-20,trader_308,deal_308,model_3
4c64c2ff-f07a-4a09-b731-cdcf4acde193,2023-06-18,trader_309,deal_309,model_2
2ce3e789-30dc-468d-b064-2e03b9499f7c,2023-04-01,trader_310,deal_310,model_4
ae3756a8-d18a-47f0-90d9-de93ab450cd6,2023-09-21,trader_311,deal_311,model_1
f6fa4c14-ebd8-4d29-a366-eb674437d79d,2023-12-29,trader_312,deal_312,model_3
2b857320-005c-4d99-8a72-71c74138344f,2023-09-15,trader_313,deal_313,model_2
d0c3a903-20c5-4bfb-9330-c8cdca6db4b7,2023-02-13,trader_314,deal_314,model_2
e6cc07f8-ef16-468c-bbfe-be9fa69fb374,2023-07-27,trader_315,deal_315,model_3
c12c3582-ecbb-47be-895b-21b6c25f7bed,2023-11-23,trader_316,deal_316,model_4
aa353667-8444-4ebe-a2ad-a91b8441e33f,2023-12-27,trader_317,deal_317,model_1
631beb70-1cc6-41c9-971b-e0a9eb5e2547,2023-07-16,trader_318,deal_318,model_5
7bd4d8c6-ced8-4533-9a71-eab172608b1e,2023-09-15,trader_319,deal_319,model_5
fdfdd176-d618-4d07-9558-1ae86154a08f,2023-10-15,trader_320,deal_320,model_3
d5cb0f93-cf64-4186-bf1b-7a65e089fde3,2023-11-16,trader_321,deal_321,model_3
16d1583f-f0c2-4676-9369-fb586963b89a,2023-02-19,trader_322,deal_322,model_3
9b202183-caed-4ca5-b6d0-29797db784ed,2023-06-13,trader_323,deal_323,model_2
725f1672-5da0-4596-9e46-74aaca91f5e6,2023-03-01,trader_324,deal_324,model_2
074e9b6b-ba6a-4d56-88f1-2164bb96070f,2023-09-09,trader_325,deal_325,model_3
3cbf6aad-8db8-48e8-b889-40fc162af895,2023-12-10,trader_326,deal_326,model_3
ac78bfdd-2aaa-42e4-ad26-238fcf381805,2023-10-21,trader_327,deal_327,model_5
0e0c13cd-c6be-4932-b5f1-ee233c61f79c,2023-03-23,trader_328,deal_328,model_1
a48e6d40-cd44-4cbf-b9c4-21301ecd2091,2023-01-30,trader_329,deal_329,model_4
9d943c08-dffb-4c9c-90bd-9ed06cb0f37e,2023-09-02,trader_330,deal_330,model_1
f0f48c35-cf77-461c-87e9-8bb2fef7b40c,2023-12-08,trader_331,deal_331,model_5
c9fe1efb-ba41-4c72-a10a-6454ce241f21,2023-02-05,trader_332,deal_332,model_5
a75412bb-19b0-49ac-85e3-43fc1062af34,2023-09-15,trader_333,deal_333,model_4
f1b807db-8280-4fd3-b117-57c48bfb040b,2023-04-06,trader_334,deal_334,model_1
f5486fae-f58c-4a9d-be29-473cf7a2320e,2023-02-24,trader_335,deal_335,model_3
845d6a7e-f442-4205-9bd9-db46573a29e9,2023-11-19,trader_336,deal_336,model_5
17263d10-c243-49a1-9d21-710c3d6d4958,2023-05-11,trader_337,deal_337,model_1
7ebd3bb4-ea09-4b92-bd50-bc382d28423e,2023-09-21,trader_338,deal_338,model_2
c5eee44b-dc6c-4309-bc06-77c9de0d9404,2023-10-21,trader_339,deal_339,model_2
acc68c8f-04fc-4f89-bbb5-0a1fe4bbc20b,2023-10-02,trader_340,deal_340,model_1
53aa586a-55c1-4578-a705-d267fad2d4e8,2023-02-06,trader_341,deal_341,model_5
289f1a10-8e2c-4d2d-bb9e-96868426459a,2023-03-05,trader_342,deal_342,model_5
3683913d-2197-459f-978c-0c3ad58a0a2c,2023-11-30,trader_343,deal_343,model_5
31aa90de-6980-4bb3-8fe9-75c3b83b7a36,2023-01-04,trader_344,deal_344,model_3
9a382196-3a05-4fb2-8f72-4a0fae53824f,2023-02-12,trader_345,deal_345,model_4
fe40a013-3a0a-4c04-99f7-e0b3662c779f,2023-08-30,trader_346,deal_346,model_1
c8dc2d02-21d5-41c3-855f-0584c52b4395,2023-12-17,trader_347,deal_347,model_4
2f5b72fa-eb3b-4fb8-8386-bbcb418eb405,2023-12-16,trader_348,deal_348,model_5
4e4cb6b0-276f-4e93-8026-45ad636a904d,2023-08-22,trader_349,deal_349,model_3
bb9e3c77-795b-4a5d-b9fb-5ac8a2c540e0,2023-03-27,trader_350,deal_350,model_2
84c77249-3428-4cdd-9673-9a91fdcd0e3a,2023-02-08,trader_351,deal_351,model_5
1b5096e0-f5bd-44d6-a1e7-d3461a942dfa,2023-08-11,trader_352,deal_352,model_5
09bbb0d5-7d8a-4f86-afa1-050efc2cbda3,2023-02-13,trader_353,deal_353,model_5
533a4db8-2df8-496d-82e3-032f6000857d,2023-07-14,trader_354,deal_354,model_3
c47ab353-7f76-41f9-8e17-bf9a681b80ad,2023-02-07,trader_355,deal_355,model_5
5ba17c08-72fc-41fb-ba53-1779e7432cb2,2023-07-21,trader_356,deal_356,model_1
36134fda-a875-419a-8b72-f773bfb17ee2,2023-06-21,trader_357,deal_357,model_1
a3eb8c5b-f0fa-4636-815d-444e56c0fa63,2023-02-02,trader_358,deal_358,model_4
eb78b37d-165c-4ed1-886c-5dd82c69bddd,2023-05-07,trader_359,deal_359,model_3
6f26a8a0-4aea-4af4-98a2-61fc16a407f7,2023-09-27,trader_360,deal_360,model_1
90c2ddac-7453-4d52-a53e-faa66028ffb7,2023-03-19,trader_361,deal_361,model_5
a677b605-e657-40e7-abc6-6985a0e704ed,2023-09-13,trader_362,deal_362,model_2
8fb9979e-5a82-4166-8c97-62cd308b0456,2023-10-13,trader_363,deal_363,model_5
f805214e-fa5c-4d38-b9dc-5025ef240b08,2023-03-20,trader_364,deal_364,model_5
1ebabd0a-1226-44b1-b967-080f8b82cf6d,2023-01-12,trader_365,deal_365,model_3
46530168-d67b-4985-ad0c-2bd1a4b18896,2023-09-30,trader_366,deal_366,model_1
a36ecde8-a502-48a8-8221-cd3275420bda,2023-05-21,trader_367,deal_367,model_5
bde5a09b-eb13-42ba-92a1-7b906d582a34,2023-03-23,trader_368,deal_368,model_2
5b6b9515-69b3-4fd9-8339-4f675cf944d1,2023-04-18,trader_369,deal_369,model_5
3c20b134-a148-407e-b0cb-92375654e372,2023-10-18,trader_370,deal_370,model_1
c547225a-3aca-4e84-9d9a-754773931447,2023-03-07,trader_371,deal_371,model_4
97a26768-a7e7-4f59-8643-99f30b3abd4d,2023-07-08,trader_372,deal_372,model_1
4632e30c-4597-4234-bc6f-f0d5e48bd88f,2023-06-24,trader_373,deal_373,model_4
e72f5a84-2f7e-44fd-b153-6279f01ce48e,2023-02-22,trader_374,deal_374,model_5
8e425e07-76bc-4c07-87fc-92822791f766,2023-06-14,trader_375,deal_375,model_1
38840e70-dd0b-40ac-a389-72654b005ad0,2023-02-01,trader_376,deal_376,model_4
916bd626-b0ca-49d5-8d71-f01cb08c7722,2023-10-19,trader_377,deal_377,model_3
f2eb91ea-95f2-4509-bceb-42944d35aec0,2023-07-16,trader_378,deal_378,model_1
ad14d092-9ee3-4ec9-b810-58eb51d8fc6e,2023-10-05,trader_379,deal_379,model_1
c91110d6-856d-4cb0-8242-ddf8939d18a5,2023-06-18,trader_380,deal_380,model_3
9a9cc4b9-04ff-480c-8ddc-2290d0e650a8,2023-05-29,trader_381,deal_381,model_2
b6cdf878-c170-4a5f-8842-a5c4855f4e6c,2023-07-05,trader_382,deal_382,model_2
65f6196e-9d08-4792-a74f-506061bfe2bc,2023-07-25,trader_383,deal_383,model_2
5b7052ac-7384-459a-9455-998d35171463,2023-05-22,trader_384,deal_384,model_5
537d4179-dc03-42a3-aa38-eb9a2f8bf3cc,2023-12-07,trader_385,deal_385,model_4
9abe7d24-56e8-4ea9-9da2-ca25bb89738a,2023-02-02,trader_386,deal_386,model_4
5ba6a40a-e301-4f53-b512-974710465fcb,2023-08-31,trader_387,deal_387,model_1
60a50de8-0fe8-48f0-81f1-30e0286faf37,2023-03-17,trader_388,deal_388,model_4
a571dde0-cbf9-4fbb-9fc1-811fdf94edaf,2023-10-29,trader_389,deal_389,model_2
942758ad-e1eb-4bcd-9b2c-4828ec4d8df0,2023-05-01,trader_390,deal_390,model_1
a77c2304-82da-40d5-accb-68ac507752b4,2023-11-12,trader_391,deal_391,model_2
a636a419-ca00-4d68-b86a-0034ed401d49,2023-12-16,trader_392,deal_392,model_5
2a15e199-79d5-4585-b562-8a526d27ab83,2023-08-19,trader_393,deal_393,model_5
3379b525-c6d5-4232-a287-109512b96480,2023-06-25,trader_394,deal_394,model_1
b32daf59-d966-4196-ab6f-d31d26085072,2023-07-30,trader_395,deal_395,model_5
ad9d0526-69da-43a9-8b81-688e039eff37,2023-09-05,trader_396,deal_396,model_5
f5dde391-9fb4-42d0-8755-b8ca6553d6d4,2023-08-04,trader_397,deal_397,model_3
1ea8892a-8c46-432c-8940-99860520a985,2023-10-26,trader_398,deal_398,model_4
837db8ba-a5b1-4cfe-8fa2-2b544fffff8d,2023-07-24,trader_399,deal_399,model_1
70a2f494-209e-408b-bb67-c7f761c8a7f5,2023-03-17,trader_400,deal_400,model_1
12568b68-504c-4c3c-9307-7c29fce166f4,2023-11-11,trader_401,deal_401,model_4
fdda64ca-f1fa-4053-bf44-5988f5e3d42a,2023-03-14,trader_402,deal_402,model_4
cec393f8-78f2-436f-966f-e72d674211d8,2023-02-22,trader_403,deal_403,model_4
58ef228c-797b-4617-aebe-c871c453809d,2023-03-12,trader_404,deal_404,model_3
d68f2a72-1701-4b79-bc86-da221eb4b554,2023-05-31,trader_405,deal_405,model_2
808b17b6-ae1e-4ee3-8b29-a1b350217f35,2023-01-12,trader_406,deal_406,model_4
41b4816a-ae2a-4251-baed-904df4eff329,2023-02-23,trader_407,deal_407,model_4
fd1f3a66-aa8f-4dca-80fb-e5c7320eb0e2,2023-01-12,trader_408,deal_408,model_4
5f9db817-627a-448c-a1bc-ec6fb2fef9cd,2023-07-05,trader_409,deal_409,model_4
343a9835-5a24-47bf-97b4-d8c20c28ee50,2023-04-12,trader_410,deal_410,model_2
b0529748-88f4-4d36-a01d-9e3a11f5c1ea,2023-02-04,trader_411,deal_411,model_4
67dfcaf7-c723-4f02-be59-56cfb4fdb6a1,2023-06-20,trader_412,deal_412,model_1
70789f5e-74ab-4a40-a7bf-4d18b3c92bab,2023-11-11,trader_413,deal_413,model_4
23541654-ce5c-41ec-b061-8bf7ec6f270d,2023-03-10,trader_414,deal_414,model_3
5313c9ca-564b-4d41-ba93-4027bb185eaa,2023-01-05,trader_415,deal_415,model_2
6f9f2993-a36e-41ce-a408-0314f78df5f5,2023-07-17,trader_416,deal_416,model_4
17c7c7aa-f5ed-4fee-bc8c-46a86fcea396,2023-06-13,trader_417,deal_417,model_1
ae11144a-b6af-44d0-b7ae-a8bb6bdc898c,2023-11-18,trader_418,deal_418,model_1
8099ea8b-00c4-4e7d-8df3-da5e9e663a42,2023-02-23,trader_419,deal_419,model_3
36b6906d-95ae-443f-af83-02d240084ced,2023-01-03,trader_420,deal_420,model_3
2c0a8f9a-c3de-4e96-8ebb-fe940a1e212a,2023-08-22,trader_421,deal_421,model_1
89a0ca5d-2c4f-4e64-9cbf-5e03485cf364,2023-01-20,trader_422,deal_422,model_3
12e36232-b6c8-4aa8-b5b8-c65c2afbf326,2023-08-24,trader_423,deal_423,model_1
f1c7998a-3058-4121-8e23-e7b816030ef2,2023-01-07,trader_424,deal_424,model_4
539d3cd9-033a-4205-beb6-cf7496b4cb7e,2023-07-13,trader_425,deal_425,model_3
bdb8c66a-237b-4cb2-b956-d0b15cc0b055,2023-11-21,trader_426,deal_426,model_1
8cc317f0-6f61-4bc8-b6e6-5dbc9e03f25d,2023-03-23,trader_427,deal_427,model_5
65869b3f-642c-4b74-8385-f450660e3771,2023-01-29,trader_428,deal_428,model_1
97b63b88-c688-4a14-b08a-cb3739f94452,2023-07-03,trader_429,deal_429,model_3
857dc3ad-ba38-404e-9cca-c6626151622d,2023-12-19,trader_430,deal_430,model_3
4f3d9ffc-0183-4490-bbdf-1e27357db9b7,2023-06-07,trader_431,deal_431,model_3
fc261ff5-30ea-4110-82e2-68b3c3e68288,2023-07-10,trader_432,deal_432,model_1
ad37d4c6-cb5d-4bda-8f58-b484ecebb12d,2023-06-02,trader_433,deal_433,model_4
be13f7d6-2a51-4243-8939-767c76d3d710,2023-03-25,trader_434,deal_434,model_2
b7b66045-7e58-45a0-bc51-a9981f340b21,2023-05-20,trader_435,deal_435,model_2
ccbcc65b-1c6b-4ed4-8d7f-4c57ac373c4b,2023-05-12,trader_436,deal_436,model_3
ec61b970-d23b-4f41-b2d0-9ec0ad2d3be9,2023-08-12,trader_437,deal_437,model_2
72675e63-b502-4c03-b217-68b2c1230e87,2023-03-08,trader_438,deal_438,model_1
ce414fb0-fdc7-4b6c-9a68-eb240efb1e3b,2023-11-01,trader_439,deal_439,model_4
9e73cffc-3e52-4200-886e-15fc93054bd2,2023-04-29,trader_440,deal_440,model_3
89bee7fd-fd09-4135-a5d8-989adcff3b9d,2023-05-05,trader_441,deal_441,model_5
b0044396-acd9-4e30-a8ee-911ce9b5b2c8,2023-11-03,trader_442,deal_442,model_1
a36bdb2d-1995-4377-a854-8bdcea2958e1,2023-01-24,trader_443,deal_443,model_1
0ea9bf76-9194-497b-9138-b5965bb5c4d9,2023-04-26,trader_444,deal_444,model_3
c3290edb-7eaa-4844-b8ad-97550fb0c388,2023-07-28,trader_445,deal_445,model_3
32d77725-9eb9-4dac-a897-eee60575a8dd,2023-09-04,trader_446,deal_446,model_2
d85b7d89-4c4a-48d6-88c3-ce9b35d1ec28,2023-10-25,trader_447,deal_447,model_1
8e9f38cf-ec13-4cf3-a8c4-9933ce4e6d53,2023-06-17,trader_448,deal_448,model_4
71c0f724-d857-4f95-b70b-42f630e79a89,2023-09-12,trader_449,deal_449,model_3
8d70c4ec-be88-45b2-863e-f632bff09f88,2023-03-11,trader_450,deal_450,model_4
d0b180ea-3b97-4a86-af72-f5efc8fbeb2c,2023-07-07,trader_451,deal_451,model_1
fc790e85-2264-4069-9540-f4c6a23b408c,2023-05-26,trader_452,deal_452,model_2
3a4c6916-c8f2-427e-babd-860a5dd9e26f,2023-11-11,trader_453,deal_453,model_5
49876868-f466-4b69-9543-5e0131568401,2023-06-28,trader_454,deal_454,model_2
a5383ddb-7e88-43b8-bfa1-25f15f3d59c8,2023-04-30,trader_455,deal_455,model_1
98da7b0a-d857-4177-8df5-ace60cbda7ff,2023-03-26,trader_456,deal_456,model_2
c14bd533-bc8f-48ae-91f6-d9c97445dc7a,2023-12-23,trader_457,deal_457,model_2
f1c5aba6-2412-45dd-9845-3e4bed790168,2023-12-19,trader_458,deal_458,model_4
f845f4f3-c743-46e3-acc4-5881d4720300,2023-01-16,trader_459,deal_459,model_5
f186188c-1eba-42c9-9acb-8d4092e1b115,2023-08-25,trader_460,deal_460,model_4
e120bdf8-2ee2-421e-8f90-ce6dd8118788,2023-03-14,trader_461,deal_461,model_1
56675f52-3a28-446b-8340-29b30ece3269,2023-06-18,trader_462,deal_462,model_4
432b7e2d-7cf0-4f52-81df-2140644769ae,2023-06-23,trader_463,deal_463,model_3
bcb46492-462e-40c4-8261-0be1a493e75a,2023-12-03,trader_464,deal_464,model_5
265cecc0-38eb-403a-a18c-4b345e3998f3,2023-02-06,trader_465,deal_465,model_3
007da143-05f7-45dd-a4df-eaa6af938c88,2023-02-08,trader_466,deal_466,model_3
1b3c91f9-0541-4734-a799-d9591b89b051,2023-12-24,trader_467,deal_467,model_1
e30a5bc9-b481-4247-aef3-5db480feb739,2023-07-09,trader_468,deal_468,model_1
81b7aadd-22db-480f-9d77-d627968b0315,2023-01-17,trader_469,deal_469,model_3
cabe4d10-f825-4e9e-8740-03a3b9b3dfe6,2023-07-12,trader_470,deal_470,model_5
6de04834-ad1b-432e-9fa5-deb58e86e7f3,2023-06-23,trader_471,deal_471,model_5
64186119-64ca-4ca7-8764-64c500c5ae9d,2023-11-04,trader_472,deal_472,model_4
1c03521a-e43e-4a1c-8fdd-1b98f37f70d8,2023-05-26,trader_473,deal_473,model_4
1e7a13d4-f2f6-4365-ae5a-620125cc3497,2023-08-21,trader_474,deal_474,model_5
1e152a49-b8af-412a-a281-2c2d95c0d951,2023-07-17,trader_475,deal_475,model_2
1a61390e-4185-4409-bfeb-a9780e83a4e7,2023-11-12,trader_476,deal_476,model_5
974f1c33-f623-474b-8ffb-c124faf0425b,2023-10-22,trader_477,deal_477,model_5
e3193ef1-ce52-4e24-a9cc-6d351cdda363,2023-07-27,trader_478,deal_478,model_2
b7765c0a-c174-468f-8dd9-7162af2744e6,2023-06-12,trader_479,deal_479,model_3
5d61b9fc-6bcd-4b78-a21e-1ef62d0316d5,2023-07-01,trader_480,deal_480,model_4
426a7115-bac8-4654-b818-20dfffe142d4,2023-07-24,trader_481,deal_481,model_3
642a0d55-6acf-43ba-a7fd-cae36078121d,2023-02-20,trader_482,deal_482,model_1
1b0a0cd4-a138-4633-a9bf-9766c5229ace,2023-03-29,trader_483,deal_483,model_2
342c8012-385b-4534-a758-114e01d2ef6b,2023-06-21,trader_484,deal_484,model_5
8a5843a0-9839-4268-aa17-1fc4d2f6d8a1,2023-09-16,trader_485,deal_485,model_2
482fcae2-b9d2-44de-9323-929bfda69e0a,2023-08-28,trader_486,deal_486,model_2
80e97c82-622c-4103-a476-708f33ba0dd5,2023-10-12,trader_487,deal_487,model_3
c2c515a3-13f6-4ba2-8712-8cf5f316473a,2023-05-06,trader_488,deal_488,model_3
0ec1f1f0-19e9-4ecb-89cf-b853d479c8a0,2023-10-11,trader_489,deal_489,model_4
7a8481f2-90a2-42ed-876a-ee8f468af1bf,2023-05-25,trader_490,deal_490,model_5
23ec90c0-aece-4984-b7ba-1a10b5748066,2023-05-20,trader_491,deal_491,model_2
edf8cc8c-8785-4cad-8f26-2d105cb8a98f,2023-10-21,trader_492,deal_492,model_4
e03083ee-b489-4bf4-a809-3b639e0c1d22,2023-02-02,trader_493,deal_493,model_4
682e2c06-85c5-4eb2-8102-32536eafcfcc,2023-01-27,trader_494,deal_494,model_4
ba2e279e-6629-4746-8b52-516cc5c248f6,2023-05-02,trader_495,deal_495,model_5
bcca4ee2-ad36-43f8-835a-d1b09b61afe7,2023-11-05,trader_496,deal_496,model_1
a93e30ec-18e9-4147-b501-d8f5799bb485,2023-09-03,trader_497,deal_497,model_3
966a5f6b-63a4-4b50-9d4f-c84f539279a9,2023-01-02,trader_498,deal_498,model_3
3dc85602-83d7-4a4f-b44b-49587dbd69d8,2023-09-10,trader_499,deal_499,model_5
