alert_id,deal_date,deal_number,price,volume
468cbf73-ed73-481f-bea0-12dd954a805c,2023-07-05,deal_0,886,96
369b97e0-fce7-4f33-8aec-c01c163c2892,2023-06-17,deal_1,509,17
31a6fece-73d9-4044-aef2-826cc0bda62a,2023-01-31,deal_2,798,43
9ffc6393-822e-46cf-975f-2b00bada6a0e,2023-08-27,deal_3,998,72
b7388e55-336f-4299-ae91-fcd691fc263a,2023-04-12,deal_4,879,21
9eee0ca7-48a3-4a56-96ad-0fde9ff6bb7c,2023-11-02,deal_5,396,99
37790e65-1303-4ec5-ae2d-a2fa2f2275ef,2023-07-25,deal_6,274,24
59ab72bf-5861-4a08-be0b-ae447b63249c,2023-10-28,deal_7,502,19
692c12b4-b6d2-475b-9623-af8bd9716de9,2023-04-18,deal_8,518,8
bdcde240-5086-45b1-9768-4ef99370463d,2023-08-14,deal_9,115,76
07380674-bacf-4a6b-8c33-2d89c7f39930,2023-02-21,deal_10,182,62
a6510c7a-6b3c-4743-b24a-2d1cc420dfeb,2023-12-28,deal_11,545,14
a1f18e41-7bb2-41b9-90ff-71431323547d,2023-06-06,deal_12,526,19
6e1b40b1-9536-4c30-b23c-3916b5bc4182,2023-08-12,deal_13,207,85
41199a61-993c-4f63-a554-4bd8ad9c19b4,2023-08-10,deal_14,319,1
9c9380d0-5407-4364-ac27-821c93efc2d4,2023-07-29,deal_15,458,20
140809de-d410-430d-a3de-b62ac3d8e14a,2023-10-04,deal_16,541,15
af538797-fe44-4079-b9c0-618e0c3b726a,2023-04-19,deal_17,855,48
1b0d6a83-c390-43b6-b959-93dfcb177fac,2023-01-20,deal_18,696,51
80a39815-c19f-44d1-b9b6-181dcc6cbbdc,2023-07-26,deal_19,937,77
c3f686d9-afaa-41f3-b63b-e93954774644,2023-05-10,deal_20,415,77
1ee7f879-587d-495b-a557-7dd26ec48c58,2023-02-01,deal_21,634,87
09803751-ea6d-4bd3-953d-635e4f3846cc,2023-05-12,deal_22,686,52
571bf8a0-5b6c-40ca-ac7b-a229c59a506c,2023-01-04,deal_23,933,84
11437d7c-2836-4333-aca3-18576c208495,2023-10-21,deal_24,432,46
c4857e29-991e-47ba-bde1-b63b404d22f3,2023-01-31,deal_25,577,78
0c759157-b3f4-4d9a-a808-229b12a36938,2023-06-18,deal_26,175,29
847c9b52-ef88-4342-a940-112bde4e7254,2023-06-11,deal_27,233,40
40415dad-859e-442e-b8f9-c823a1f82308,2023-11-01,deal_28,344,7
c7b3e331-a869-4e5d-970c-7d23ffaa644a,2023-05-17,deal_29,781,93
7204c153-a08e-47c5-9dff-878a4fe4b9eb,2023-01-19,deal_30,713,79
07efc61b-d1f3-4b48-b4bb-5e960da62355,2023-08-30,deal_31,705,28
1c06ece5-7eab-47a1-b39a-fc66899495ce,2023-11-18,deal_32,870,50
e471ab1c-cdaf-4e61-8c96-0abb1c8f45c5,2023-07-07,deal_33,867,60
720f6e0a-4bce-4674-999d-f8e425b7609a,2023-03-31,deal_34,758,99
4e8ea823-3c79-4a32-b739-2b204a2cfe6b,2023-01-19,deal_35,380,18
35d46a8a-2b4e-4d05-8895-b6d7cbda1d4c,2023-07-08,deal_36,179,35
6191d65f-8994-4b57-ac12-f777f77952a7,2023-07-24,deal_37,237,21
00e28e2b-8ccf-4c7e-b938-396a3fdab130,2023-10-22,deal_38,771,38
201216bd-1c06-45c2-8491-6cdf3d615db8,2023-03-06,deal_39,190,77
4efbe0c6-6ff5-499f-8b95-d449afa07b5d,2023-09-13,deal_40,242,65
b7ce06ec-b7ef-4515-ad50-1e45ebd3cf04,2023-01-24,deal_41,790,11
3af51ba6-aafc-4031-b8c4-ebc6548008d1,2023-03-07,deal_42,934,64
88d155ea-79c9-4a5f-8394-ae4d964f917f,2023-12-22,deal_43,802,49
0ecd946d-003b-4ee2-b619-95d4ab52a454,2023-03-02,deal_44,773,94
5cc49d17-af3b-4aad-b111-c624cbfadf2a,2023-01-08,deal_45,461,62
3bfe383d-60ab-4dac-b8eb-9cd1b8258da9,2023-03-24,deal_46,319,16
76f2eab4-90ba-4071-b22f-973101ab8093,2023-01-09,deal_47,722,71
db1c198b-9f31-4b7a-8440-11e2e4a970e3,2023-07-07,deal_48,544,100
34ad5ba9-f459-4fab-a6e8-1dd49c332ddd,2023-07-08,deal_49,186,23
835911e8-5311-4be9-83d3-734d84efaa5f,2023-12-26,deal_50,160,43
b898b568-6d50-46ef-a46a-88e90117569d,2023-08-15,deal_51,667,74
98ad67f3-10a7-4863-a480-c85defc253c6,2023-06-13,deal_52,632,38
1cb0f6d8-9626-49b4-8583-2fba3c83b2b1,2023-08-27,deal_53,103,43
c992ef45-f2e2-41bf-ab69-5d1db0ff46c0,2023-12-28,deal_54,899,34
d2d3f306-d96f-4da1-ba69-443bb2e39cda,2023-01-22,deal_55,114,66
7cec348f-8958-4c3c-9715-785312f9dde5,2023-11-02,deal_56,168,18
3bb68e05-0d0b-4416-a35b-dd9acd3ecacc,2023-05-19,deal_57,346,70
86321722-a6de-4af6-9a7b-1f684336bde8,2023-12-26,deal_58,276,96
f700f8a4-3d0c-488f-bf6b-a13ab6c30ad2,2023-11-17,deal_59,539,74
4ffcbcd5-0646-47ea-88c5-89632c200ac2,2023-10-28,deal_60,948,29
63afc283-a2eb-41f9-acc7-b811ee2ae591,2023-12-13,deal_61,384,25
d983f943-7b36-4d57-8dec-d2f16011ee82,2023-05-03,deal_62,462,71
76287d60-47e7-4d84-bd50-c1070d296bb5,2023-12-27,deal_63,707,96
a9991cb0-71c9-4764-a525-2f7d4db9a4fe,2023-08-16,deal_64,443,35
de134af2-b7fc-4b7c-9322-d12fc31cc776,2023-01-21,deal_65,269,24
9498f04d-026f-4f2a-80ed-2a00f47b21e9,2023-12-05,deal_66,965,16
80c298d7-4bf1-448a-9c07-7809fd2d14bb,2023-09-06,deal_67,822,2
a9f11d0a-e7e2-44ad-a59c-c47fae914314,2023-03-09,deal_68,713,15
5defcfbb-007e-4b6e-bf15-41279bf8fb3c,2023-06-23,deal_69,693,85
f0eb80d3-b4e6-4f99-b8b7-9886e738277f,2023-06-23,deal_70,540,55
32d84d79-f517-41da-9604-67cbbece6563,2023-06-29,deal_71,685,37
831f982f-b6a0-4598-b03b-c6d087a43b77,2023-06-27,deal_72,619,97
cfaa2f85-25d3-40e7-8884-88b660bce2ca,2023-03-30,deal_73,815,38
0f409c67-aa5a-419b-987f-6db2a966cc1e,2023-09-29,deal_74,626,50
5ea8c396-7865-4184-9904-f2e43629f6e9,2023-06-07,deal_75,662,38
a1c2c46d-5e37-49e9-a066-333c75ca031f,2023-09-25,deal_76,957,63
a367a454-c8d2-4d5b-9ef7-c8e08c59a08d,2023-10-07,deal_77,775,14
4489f0fd-fc7a-45b1-8c02-68da3991ed30,2023-03-21,deal_78,761,42
43ba511a-7e99-4389-8ce7-591eb568c64f,2023-07-21,deal_79,489,95
cb3292f4-7e17-4fa7-9749-f0e5e47bfd90,2023-06-08,deal_80,790,82
46863908-6c5b-4f08-b3dd-f40e4e7fc4fe,2023-11-26,deal_81,936,51
093f7bde-9cf1-441d-ae55-41caaf30c13b,2023-08-27,deal_82,816,48
b069baf6-a64f-4b72-98cc-31de4b9c98d5,2023-03-11,deal_83,728,89
f7f4451a-bb90-426d-8c5a-12b28f453b73,2023-03-27,deal_84,417,37
caa72529-20fc-4387-99b0-5c0852198bc2,2023-01-12,deal_85,133,61
1ab19e4a-d927-48f6-80fb-a5b4b6a9815d,2023-06-18,deal_86,958,34
79ac3de0-8a86-4d8f-b849-c77869da49d0,2023-09-15,deal_87,121,42
c59b34e3-835f-49c0-a732-29cca09770d9,2023-07-23,deal_88,709,94
f1296bd9-ed54-4427-9610-5626cb76b026,2023-12-20,deal_89,689,60
93e5ce60-3785-4e0c-8ab1-3aba4e6fe679,2023-12-06,deal_90,727,76
d59b7572-a431-47a5-8567-600b2b6b1cb3,2023-01-08,deal_91,504,52
d97b0abb-c455-45b2-b0cf-83791b4263a5,2023-05-28,deal_92,924,21
c75ac975-05cb-48fd-91a2-65265a4c435c,2023-02-23,deal_93,604,75
4c27ef48-b33a-43ee-863c-6e338f50ea90,2023-10-29,deal_94,923,92
148eaba1-03fa-4a4a-933e-8cff3e5d608d,2023-08-23,deal_95,820,20
ee3f7b5f-9e4c-4eee-9520-10b3015fdd6b,2023-02-02,deal_96,608,25
33643916-a221-452d-81da-b69552296f45,2023-03-11,deal_97,436,86
102127e4-fed3-4165-b8b4-32c6049fcb14,2023-02-04,deal_98,436,65
16f6aaba-c298-457e-bd0b-332abbf3e52d,2023-06-21,deal_99,939,57
d805c48d-cff4-4e01-80ff-e0947830ea1f,2023-02-26,deal_100,545,12
11f09450-f7cd-47fb-9fd3-68bfab1c4231,2023-07-28,deal_101,653,99
a8c9fcd4-8297-4110-82b4-f8ededf3e7fb,2023-08-17,deal_102,751,84
2a2e4cbc-a450-4176-98eb-5dc9f3b22805,2023-04-17,deal_103,924,7
a7b7b722-7bbc-4c8f-b949-c948ffed99f4,2023-10-02,deal_104,590,86
e7cd310c-4c8d-45c5-a8a6-5ad4d32bc5c6,2023-01-28,deal_105,836,48
a72776a7-c6b1-45f8-8d8e-13219fbd7da4,2023-11-19,deal_106,137,61
86abd799-efc8-4861-b8f8-16b056b42c65,2023-03-23,deal_107,203,55
2d52d519-7a29-4551-9721-d64701a2dc10,2023-07-11,deal_108,444,27
e8f46518-ac8a-43f3-aa9a-64b54ecbbb21,2023-06-09,deal_109,415,96
1ddb4b5c-ad79-4c83-abbc-5bca084e89c1,2023-08-05,deal_110,816,57
7ea83c69-b31d-464a-a855-69b219cc6e25,2023-08-28,deal_111,351,93
8b1da8c9-4aae-42cc-bf30-929e70574f43,2023-09-29,deal_112,738,79
6d8eafaf-122d-4451-b736-9be1d231b6a2,2023-11-22,deal_113,650,7
85d11a8a-06c1-43b0-b0a6-6da37d1b5854,2023-07-26,deal_114,923,99
aff79e6a-04bc-487a-8fd6-4b1a5d28debd,2023-01-29,deal_115,245,42
32a49110-ca00-464c-822a-632d418b17fb,2023-12-06,deal_116,306,9
fe714d6b-bf88-4356-9be3-232c2cc2bedd,2023-09-29,deal_117,261,24
9c991a4c-bffe-44df-a4df-443a5854f38c,2023-09-24,deal_118,726,29
c78b60a4-e60f-44a7-a249-6cf4bbb9c30b,2023-09-10,deal_119,443,16
3ed5f630-aa4b-4e76-b17f-8c93c0abedeb,2023-03-05,deal_120,788,43
cdcea3d6-4552-46d4-ab72-083bb5a14bbe,2023-11-12,deal_121,199,3
cb38c4ab-9efd-4b83-b318-944901f3c0fa,2023-05-13,deal_122,205,95
c0e297d5-be47-49a0-8324-c727797b8868,2023-04-17,deal_123,606,1
ca6dded2-ab16-4dc6-ac07-f55a4a5b1f0b,2023-01-16,deal_124,783,66
8d57afd8-e888-498d-9b7b-484224fa4f25,2023-10-14,deal_125,601,80
2b6db94e-5248-4045-9bd5-fec470dafd42,2023-06-18,deal_126,180,64
649213c1-0e2e-42c4-ae90-59dcc8a30f00,2023-08-14,deal_127,301,94
a1594f2a-95b2-42bc-916e-633097bda10e,2023-03-09,deal_128,712,46
e248d3b8-9a83-4eab-bf68-9635767db9d2,2023-04-20,deal_129,453,42
8ba5cbb6-d811-4321-af75-c295ffff2ca9,2023-08-12,deal_130,594,59
8c1c1581-fa39-403d-b398-86a2ba46e236,2023-05-27,deal_131,319,62
bc9107a7-bc77-4eec-8dd5-0f3a9d6379a2,2023-02-26,deal_132,317,17
6059c541-0319-45a2-9b05-fde9f0f87c0d,2023-11-11,deal_133,399,93
c009f795-2d2b-4a54-aa24-a5e55d1eeddd,2023-12-14,deal_134,386,11
e99b512a-2d01-4dac-93b2-da6743404cc5,2023-01-02,deal_135,438,88
4b74f5a7-7966-40c6-947f-fcecb27736a0,2023-06-17,deal_136,639,11
4b1fa9ed-f465-4244-929f-5ffda67b1ae5,2023-12-08,deal_137,802,19
f2d23bfa-4cf1-4ede-9647-cd36d79764a9,2023-07-05,deal_138,220,18
545ca160-faca-4858-a67c-f61441fe6748,2023-10-25,deal_139,782,93
75cd25d7-e856-4583-bfd8-c72a2403f6bf,2023-03-12,deal_140,113,23
00750176-7657-4fd5-8bea-df037fd795c1,2023-06-07,deal_141,652,69
750bfe99-81eb-496d-9fef-203072e1d89d,2023-03-19,deal_142,883,4
8c132426-2ca0-455a-9ea3-0672c51b1291,2023-05-13,deal_143,404,60
f0a68cc9-79eb-4424-9f43-fd60d06beaca,2023-02-07,deal_144,791,76
b4c260d8-97f8-42e4-a272-c42b11a0f975,2023-05-09,deal_145,945,49
a64eb745-a250-4eab-8306-87722c66bacf,2023-10-06,deal_146,366,53
4893586f-10e0-48b8-86d6-556a5fe190e3,2023-10-22,deal_147,260,74
38e4b34a-46a8-48ab-8b06-9f44cced0a12,2023-09-11,deal_148,913,8
a162f886-d26b-4992-9e73-fea0c933a75a,2023-10-25,deal_149,811,54
8a29d793-838e-4221-b2f5-c8e106aa8267,2023-03-13,deal_150,595,85
b0cd2673-328d-412f-b581-84a627f7023c,2023-09-11,deal_151,417,18
d5b978eb-d8ff-4349-a165-b1975c46c3ec,2023-02-27,deal_152,810,34
d4fb6dca-4260-4700-bd0d-489814292b76,2023-07-18,deal_153,930,48
8a1b019c-a792-4b9f-88e8-070e85f47e22,2023-03-13,deal_154,717,1
871ba8d1-d71a-485c-a4f7-5f5092657fff,2023-12-03,deal_155,404,80
627cc3df-5569-482c-91eb-46cb9d4573c8,2023-10-10,deal_156,561,91
0001f57e-1815-4acc-aec3-ca706daf6851,2023-01-21,deal_157,851,100
b97af415-a71c-48de-8fa5-d0861556d050,2023-02-07,deal_158,743,43
3e58b0c1-33b3-4eea-857d-e191b27d459d,2023-05-04,deal_159,551,91
6c92ec3c-0e19-4fd9-813d-7d7ff4183ced,2023-06-26,deal_160,806,100
b9bde7c8-efcc-455a-9fa9-edd6021b4a1d,2023-10-31,deal_161,185,98
89f659d5-00e3-4194-a9ff-1774456af09f,2023-11-30,deal_162,999,89
9e41aa28-400d-436f-88c5-006444b0e216,2023-03-04,deal_163,860,43
58da7194-bc10-4c3c-a16f-cd0742fc5252,2023-08-14,deal_164,521,26
ad1e300e-7ee5-41fb-b68c-49217b1e4831,2023-12-17,deal_165,445,85
7341efb2-f37c-43e4-ae21-e2f8e42ae839,2023-06-11,deal_166,302,18
de3d5c55-4594-466f-a8e0-c68247dbebf9,2023-03-12,deal_167,980,19
62ff38ef-11ba-4405-b308-ed250ce85083,2023-10-15,deal_168,646,43
cf39ec9f-9156-49de-9ee0-8fce549622ef,2023-05-08,deal_169,467,9
e6b80fc4-6bf2-4800-b5e4-f4e824fe16d1,2023-04-28,deal_170,645,63
befeea25-06ba-427d-9f4c-d8d2cb883e67,2023-06-12,deal_171,937,57
e4d4ee91-0ca7-40af-8251-cd8e82481189,2023-04-08,deal_172,148,76
3e3f93d2-29a6-44a3-9b98-89cf762a36d7,2023-05-16,deal_173,400,31
3df8160c-2311-4ba5-a79d-32dbd7336b60,2023-11-30,deal_174,767,43
fb487bc6-a9f3-4236-ac9b-e4b349968b52,2023-02-01,deal_175,223,6
38116b0f-5ca3-46c8-a5ab-3a462ee9088e,2023-04-24,deal_176,722,69
b5dc11ac-36d8-486d-9fcf-8bf2c6325240,2023-03-09,deal_177,566,84
6bd0b263-b030-4667-8f62-441a09a46c10,2023-07-19,deal_178,336,77
56995bb7-470a-4cb8-9454-ece2ca05c1a1,2023-01-17,deal_179,363,91
c36c5127-5c61-42c9-8a6a-989ac90f0beb,2023-01-31,deal_180,442,72
0ebd1aa4-03cd-42e7-a05c-56bd67da0c6c,2023-01-11,deal_181,131,2
74d47979-3247-4417-a6da-3f0d49ba35e9,2023-08-23,deal_182,398,58
836f0dd2-9c17-43e8-87a6-2ef948664a45,2023-07-13,deal_183,381,19
5eb73b0e-69ca-4a12-89cf-36cb9cc5918e,2023-10-22,deal_184,347,84
77ec69b3-9883-4972-8546-a79497703605,2023-04-23,deal_185,588,51
11c0c369-124f-4215-a843-f25d30711397,2023-01-28,deal_186,767,28
98fcc632-22c1-4fcb-a25e-067e1a590185,2023-06-22,deal_187,864,41
265b5cf3-4fa7-4a7f-9e08-2f4cbf04edf5,2023-12-25,deal_188,918,17
7b05cbe5-fd84-4bb6-aa6a-13c0dbed894b,2023-05-23,deal_189,546,96
32f523f6-b9f3-4051-ab39-94029a459bbe,2023-10-17,deal_190,975,26
e998a970-688d-4b62-bffa-0fd1dbaece92,2023-10-28,deal_191,396,79
7f3c12ef-61e9-4ce5-a803-01a1b7c95755,2023-06-02,deal_192,495,97
6ebf9016-4531-4823-b2a2-d2ecb0393a53,2023-04-16,deal_193,127,93
60eae0ba-e90e-4d5f-bad5-d2ab7b685857,2023-08-14,deal_194,154,56
41b9b825-db8a-4146-8eb9-6c88a14bd1e3,2023-12-05,deal_195,690,40
55d8593b-d6b9-4b93-981d-47169f941e8e,2023-02-10,deal_196,238,39
f73b1265-a2e3-4c93-97be-a1bb8e43168b,2023-05-19,deal_197,413,45
22569050-9937-4c1a-a0be-6a4e49396007,2023-12-03,deal_198,281,48
7b0dd94f-1e53-45fa-aaa3-737c83d86cf3,2023-08-09,deal_199,959,93
924eb944-875c-4a4d-b952-0f319f44a4fe,2023-01-10,deal_200,362,41
191e56f7-2b5e-4694-abc1-079f44fb8059,2023-01-15,deal_201,104,32
ac5d1be1-b183-4de5-a214-54a9139734f2,2023-01-17,deal_202,950,67
48ee9234-b945-43a8-ab9b-810de08ec5c8,2023-10-14,deal_203,616,73
b74a61b7-122a-4f55-ad0a-e72a3017cb27,2023-10-03,deal_204,469,6
ae10184c-3501-475c-bfa3-e3b362c80d6f,2023-12-14,deal_205,434,20
4d5e468b-8d00-401b-837e-3eacc04681a3,2023-05-16,deal_206,476,39
bb353c26-c696-4d78-8a70-f41425cf3f9a,2023-07-21,deal_207,204,39
cf5878ed-b05f-4e65-a01f-b879669de6e4,2023-12-01,deal_208,959,8
c3b8eb6b-c8af-431e-bb8f-073a8d61fdf2,2023-03-03,deal_209,929,38
4ffd707e-df16-47fc-96dc-ba15e93a4035,2023-08-27,deal_210,716,99
b15d2763-1e0a-4a7e-b51c-d0292cb806cd,2023-05-28,deal_211,245,64
4b883b91-4667-4887-8416-86737fe42367,2023-12-14,deal_212,355,56
1ce9639e-4da7-4780-88f3-7bf01dabf020,2023-06-01,deal_213,276,16
c37596a6-7b65-49a2-910b-251389b7ca80,2023-05-15,deal_214,517,57
387e3cba-72bb-43bf-ad24-9188a6929e02,2023-03-19,deal_215,555,64
9385f6da-cc3b-4aaa-8b90-52ac2e9d118d,2023-11-25,deal_216,943,64
2d0cb621-a1a7-4117-bd5f-7e51b382d280,2023-09-19,deal_217,140,83
3c2ddbc0-7d45-4a3f-9513-1aab9beeba2d,2023-09-17,deal_218,350,100
deec1edf-77c9-46c6-9da3-e6640c61fc69,2023-06-01,deal_219,471,50
ec8249a5-47fc-45af-94c5-ab5a52509e93,2023-02-06,deal_220,200,90
0a24e4a7-044c-4e0a-8666-1ed83965c19e,2023-04-01,deal_221,164,19
62a4c622-83ca-494a-a506-18260d9bccb3,2023-07-20,deal_222,460,75
dcfe4aa5-a569-4fea-8cd2-5606a28a624b,2023-06-18,deal_223,783,6
8b33c929-c9d2-44a7-a2cb-9e2f49634cb7,2023-10-09,deal_224,924,81
fb6dd9b6-2981-4fc3-87e7-003701b77d01,2023-07-04,deal_225,320,20
26f4a025-1a14-4c93-ad86-ea7bccd7ce06,2023-11-09,deal_226,409,67
0c9de645-6ede-47b1-a6be-c42ec92acd65,2023-10-11,deal_227,505,19
5de7ceb7-7a4c-459c-a6e7-0fbda29d47f3,2023-12-19,deal_228,401,8
90652ce8-fb36-4819-abc5-35f78c19e8c4,2023-01-15,deal_229,406,11
7e6bf1d6-6c30-42e9-99eb-6ff8d7ecf4a0,2023-04-09,deal_230,267,75
8d7c5875-b12b-46ca-b819-ef22e9532c46,2023-03-26,deal_231,374,68
99c76273-dc89-4e6d-a8d8-63a18f619953,2023-09-26,deal_232,655,82
5521c143-d5be-4c22-9d72-a15b9faeabf5,2023-11-01,deal_233,670,11
dba4c428-992c-483d-a60f-e48b8521e33e,2023-09-16,deal_234,637,82
f33f5574-5f8c-4d8a-84b8-67d006103ad9,2023-08-02,deal_235,534,18
7270cdd3-a354-47e6-ac9f-1aac232cf29f,2023-04-11,deal_236,437,24
7302171f-527d-4b9d-bd8b-a0135aec9e3d,2023-09-17,deal_237,807,32
796abefb-2333-4783-8a3f-5b8330eb252f,2023-01-09,deal_238,519,92
8c4f12f4-cce1-4db8-bcc3-5b5bd5c8e1f2,2023-05-14,deal_239,709,60
d25fb2a4-ae0f-4c55-a6ea-413d7cddb01e,2023-02-03,deal_240,410,38
06c5fdb2-f5bc-4d16-88f1-eb37ab18434d,2023-03-21,deal_241,350,59
02d24f7c-c0d6-49fb-8a3a-7662711f78ce,2023-06-11,deal_242,348,86
8d006922-0097-4b36-858c-4d8df2dcf219,2023-01-01,deal_243,957,87
1cdf6ce6-9bda-4197-9a1e-d9463b2ff78e,2023-08-24,deal_244,151,1
45ed330b-b17a-4fec-8344-0f9eb7305cc4,2023-05-09,deal_245,188,55
74580903-95cc-4447-bcb3-0a5767002d1f,2023-09-19,deal_246,578,89
1bfce137-0e58-48a5-b695-fa3b56eeefc2,2023-05-12,deal_247,318,45
8c4b7326-2cd5-4355-9fe1-ba7c4ee71592,2023-05-30,deal_248,166,54
0156a091-7f1c-492e-b4c7-3597bed32c4f,2023-03-10,deal_249,111,52
08f51c5f-8820-483a-afad-22e8ef215ef7,2023-10-01,deal_250,180,18
ae1004e0-a02b-4020-9057-045ab35da128,2023-11-08,deal_251,635,71
9cec40d1-16ca-4bb6-b916-f8caf20af58c,2023-07-06,deal_252,764,40
946e15b4-813b-4b67-8f79-313fa6969fbd,2023-08-19,deal_253,968,80
96d836bf-8446-4c20-8817-ca1c43338e3e,2023-02-03,deal_254,465,1
fead8813-963f-48bb-86d9-4ebf4a6b0cbf,2023-07-18,deal_255,817,51
2ead4baf-a8b5-4dbe-96f1-8c8d7a4eb1df,2023-08-03,deal_256,687,24
25f9df27-60f7-47b8-a49a-4f48d8138236,2023-02-21,deal_257,898,39
234b69d1-eaed-406c-8abd-6456feecad3f,2023-06-07,deal_258,701,7
aef2ef20-fa27-4f10-9192-b45398488eae,2023-03-07,deal_259,912,5
49f23907-e7e8-48fa-909e-0c75a356de3a,2023-07-10,deal_260,568,49
9535c83a-c95a-4bbb-973f-b35606e9caa2,2023-11-03,deal_261,268,65
a3f1358b-8cf7-4497-909d-2cd72186d496,2023-03-01,deal_262,549,3
ef43d292-8b32-48c5-8c39-50bc1fb74970,2023-03-31,deal_263,986,56
8131f0f8-28e1-46db-8aa5-db74d7210aa4,2023-06-29,deal_264,790,61
f8b554ca-7b0f-437d-94c7-9d676d8ad398,2023-06-05,deal_265,712,33
4e072e55-d783-4f78-b267-513f509579db,2023-03-05,deal_266,702,22
03c72d05-3b8c-4933-9397-e2b77b647b2a,2023-03-29,deal_267,708,86
4873f120-f99d-4f5b-a87d-cb4151f78e7f,2023-02-20,deal_268,538,18
7c8684a9-dfec-454e-9ec9-4f701a13001b,2023-09-18,deal_269,207,82
f6be8390-2277-4f06-ad5c-a96a742660f3,2023-09-27,deal_270,794,25
aa098013-4182-4543-812d-4e8387f99daa,2023-10-25,deal_271,948,55
d9cdb768-0665-463e-b9e5-3aa3ba924cae,2023-04-27,deal_272,928,86
d5bbb478-b215-4b32-88b7-25aca8c949c1,2023-05-17,deal_273,582,4
932caf60-e346-4d24-b304-9518e9af79aa,2023-08-13,deal_274,229,33
72650efc-3854-462c-a0ae-3b35e8f3cf54,2023-03-08,deal_275,874,23
18032af2-4589-4f25-80f8-a7dc6a806151,2023-11-26,deal_276,306,100
204f4964-4721-4dbb-9b0c-880b469095d8,2023-11-14,deal_277,557,47
595afb28-7932-4868-a1c9-c9abafeeb417,2023-02-19,deal_278,729,76
924feb6f-d9c4-41b4-be04-68cd718ca3cc,2023-06-09,deal_279,526,32
bccb8f48-3ff9-4d10-b288-12b5881e9102,2023-11-14,deal_280,333,52
baeab06f-90b1-4bb3-99ae-a50152264d32,2023-05-04,deal_281,220,2
96d58153-65dc-4e6d-acd9-a8019e7cf783,2023-03-15,deal_282,950,92
00c56b52-db78-4a3e-be03-b874a323a8f1,2023-05-18,deal_283,330,55
1066e8d5-00bf-424f-a9cc-5c2ae53f3fd4,2023-04-26,deal_284,417,44
ddba4644-f0b5-4de4-9ecd-6eb8602e6524,2023-07-03,deal_285,118,94
6b844d9e-0083-4cf3-958f-e84f80803fa2,2023-04-21,deal_286,882,22
217dc46b-cf76-433a-96da-d0830c5f8724,2023-09-08,deal_287,946,73
3d6e668f-4f18-41b1-b728-e813373df072,2023-11-19,deal_288,505,57
813369f5-3ac9-4ace-82cd-b7dbe045c13c,2023-03-01,deal_289,138,96
e6eef578-9f15-43f9-81e8-b06f7f372a8e,2023-10-05,deal_290,893,44
c2794945-47b8-4577-bee1-29c044d0704c,2023-03-12,deal_291,805,95
762422b6-9993-421d-a30e-8cf1d3f527b6,2023-04-21,deal_292,848,38
50830764-48ce-45ad-8c79-93d87d0f655a,2023-04-13,deal_293,155,49
5fc89365-aaaf-4e22-b371-bb0364903357,2023-05-26,deal_294,213,32
48e00daf-5b02-4ab3-bc67-e09e7dda6ab8,2023-02-15,deal_295,618,14
230b5f81-4454-4222-93e3-5a49a182f918,2023-01-06,deal_296,904,57
dc3bbe0b-abeb-4ae2-b9ef-5ec4451a42d4,2023-12-16,deal_297,317,30
23b78a1e-96ce-4f03-a6ae-e6cecea67b3f,2023-03-15,deal_298,415,15
84b4716d-aed2-4a0e-bbc9-1139e5728114,2023-04-16,deal_299,306,7
8d9953ba-bb2d-4cb6-b081-627ce809133c,2023-05-10,deal_300,115,85
23f93a9d-cb25-4a50-a3e7-744688a6ef98,2023-11-24,deal_301,381,55
d5fdea0f-a824-4091-aa7f-d144425b96a2,2023-12-02,deal_302,790,76
fa0ecad9-4cbe-41a7-aaea-538b65b8646f,2023-08-11,deal_303,585,3
72db394b-3ef5-44a7-92ce-4d4976c83cf5,2023-02-12,deal_304,129,31
4567586f-fa0a-470c-a3b6-ec5ea292239e,2023-08-22,deal_305,118,79
5f4566b7-25e2-4c68-b149-01ebac45b614,2023-07-25,deal_306,276,90
7a1e45b6-6b9d-4d9b-8cae-c0658ab92c1d,2023-09-11,deal_307,821,72
723548c1-ad04-4d47-ab28-dbc24af8b0ef,2023-03-10,deal_308,320,67
4c64c2ff-f07a-4a09-b731-cdcf4acde193,2023-11-18,deal_309,410,8
2ce3e789-30dc-468d-b064-2e03b9499f7c,2023-07-19,deal_310,103,29
ae3756a8-d18a-47f0-90d9-de93ab450cd6,2023-11-20,deal_311,779,66
f6fa4c14-ebd8-4d29-a366-eb674437d79d,2023-10-07,deal_312,531,43
2b857320-005c-4d99-8a72-71c74138344f,2023-07-15,deal_313,656,22
d0c3a903-20c5-4bfb-9330-c8cdca6db4b7,2023-12-23,deal_314,270,43
e6cc07f8-ef16-468c-bbfe-be9fa69fb374,2023-12-13,deal_315,869,99
c12c3582-ecbb-47be-895b-21b6c25f7bed,2023-05-24,deal_316,152,45
aa353667-8444-4ebe-a2ad-a91b8441e33f,2023-04-09,deal_317,133,65
631beb70-1cc6-41c9-971b-e0a9eb5e2547,2023-11-20,deal_318,772,35
7bd4d8c6-ced8-4533-9a71-eab172608b1e,2023-07-25,deal_319,611,79
fdfdd176-d618-4d07-9558-1ae86154a08f,2023-05-20,deal_320,711,19
d5cb0f93-cf64-4186-bf1b-7a65e089fde3,2023-11-03,deal_321,690,83
16d1583f-f0c2-4676-9369-fb586963b89a,2023-03-24,deal_322,240,66
9b202183-caed-4ca5-b6d0-29797db784ed,2023-05-21,deal_323,310,95
725f1672-5da0-4596-9e46-74aaca91f5e6,2023-09-17,deal_324,892,28
074e9b6b-ba6a-4d56-88f1-2164bb96070f,2023-06-20,deal_325,534,27
3cbf6aad-8db8-48e8-b889-40fc162af895,2023-09-30,deal_326,628,43
ac78bfdd-2aaa-42e4-ad26-238fcf381805,2023-01-20,deal_327,872,43
0e0c13cd-c6be-4932-b5f1-ee233c61f79c,2023-06-21,deal_328,823,23
a48e6d40-cd44-4cbf-b9c4-21301ecd2091,2023-01-24,deal_329,158,77
9d943c08-dffb-4c9c-90bd-9ed06cb0f37e,2023-01-17,deal_330,509,89
f0f48c35-cf77-461c-87e9-8bb2fef7b40c,2023-09-22,deal_331,214,74
c9fe1efb-ba41-4c72-a10a-6454ce241f21,2023-07-15,deal_332,556,18
a75412bb-19b0-49ac-85e3-43fc1062af34,2023-07-03,deal_333,238,26
f1b807db-8280-4fd3-b117-57c48bfb040b,2023-10-11,deal_334,104,14
f5486fae-f58c-4a9d-be29-473cf7a2320e,2023-07-30,deal_335,193,69
845d6a7e-f442-4205-9bd9-db46573a29e9,2023-01-06,deal_336,339,88
17263d10-c243-49a1-9d21-710c3d6d4958,2023-02-19,deal_337,112,23
7ebd3bb4-ea09-4b92-bd50-bc382d28423e,2023-09-10,deal_338,788,41
c5eee44b-dc6c-4309-bc06-77c9de0d9404,2023-07-14,deal_339,828,24
acc68c8f-04fc-4f89-bbb5-0a1fe4bbc20b,2023-01-19,deal_340,489,31
53aa586a-55c1-4578-a705-d267fad2d4e8,2023-07-09,deal_341,415,92
289f1a10-8e2c-4d2d-bb9e-96868426459a,2023-11-13,deal_342,528,77
3683913d-2197-459f-978c-0c3ad58a0a2c,2023-07-22,deal_343,438,28
31aa90de-6980-4bb3-8fe9-75c3b83b7a36,2023-07-29,deal_344,272,95
9a382196-3a05-4fb2-8f72-4a0fae53824f,2023-07-31,deal_345,274,7
fe40a013-3a0a-4c04-99f7-e0b3662c779f,2023-01-26,deal_346,661,73
c8dc2d02-21d5-41c3-855f-0584c52b4395,2023-07-22,deal_347,803,53
2f5b72fa-eb3b-4fb8-8386-bbcb418eb405,2023-02-16,deal_348,610,7
4e4cb6b0-276f-4e93-8026-45ad636a904d,2023-06-01,deal_349,740,63
bb9e3c77-795b-4a5d-b9fb-5ac8a2c540e0,2023-11-04,deal_350,390,11
84c77249-3428-4cdd-9673-9a91fdcd0e3a,2023-04-13,deal_351,737,15
1b5096e0-f5bd-44d6-a1e7-d3461a942dfa,2023-07-13,deal_352,241,100
09bbb0d5-7d8a-4f86-afa1-050efc2cbda3,2023-05-11,deal_353,931,76
533a4db8-2df8-496d-82e3-032f6000857d,2023-08-11,deal_354,120,39
c47ab353-7f76-41f9-8e17-bf9a681b80ad,2023-07-10,deal_355,949,82
5ba17c08-72fc-41fb-ba53-1779e7432cb2,2023-07-30,deal_356,524,22
36134fda-a875-419a-8b72-f773bfb17ee2,2023-10-28,deal_357,256,58
a3eb8c5b-f0fa-4636-815d-444e56c0fa63,2023-01-21,deal_358,872,6
eb78b37d-165c-4ed1-886c-5dd82c69bddd,2023-11-25,deal_359,469,24
6f26a8a0-4aea-4af4-98a2-61fc16a407f7,2023-09-23,deal_360,500,69
90c2ddac-7453-4d52-a53e-faa66028ffb7,2023-11-11,deal_361,629,80
a677b605-e657-40e7-abc6-6985a0e704ed,2023-12-21,deal_362,136,17
8fb9979e-5a82-4166-8c97-62cd308b0456,2023-08-21,deal_363,833,49
f805214e-fa5c-4d38-b9dc-5025ef240b08,2023-08-21,deal_364,205,37
1ebabd0a-1226-44b1-b967-080f8b82cf6d,2023-05-15,deal_365,893,69
46530168-d67b-4985-ad0c-2bd1a4b18896,2023-06-17,deal_366,635,26
a36ecde8-a502-48a8-8221-cd3275420bda,2023-06-03,deal_367,153,52
bde5a09b-eb13-42ba-92a1-7b906d582a34,2023-09-05,deal_368,568,58
5b6b9515-69b3-4fd9-8339-4f675cf944d1,2023-01-23,deal_369,314,57
3c20b134-a148-407e-b0cb-92375654e372,2023-02-23,deal_370,700,95
c547225a-3aca-4e84-9d9a-754773931447,2023-11-03,deal_371,708,25
97a26768-a7e7-4f59-8643-99f30b3abd4d,2023-05-14,deal_372,541,25
4632e30c-4597-4234-bc6f-f0d5e48bd88f,2023-01-25,deal_373,244,87
e72f5a84-2f7e-44fd-b153-6279f01ce48e,2023-08-13,deal_374,707,86
8e425e07-76bc-4c07-87fc-92822791f766,2023-01-12,deal_375,948,42
38840e70-dd0b-40ac-a389-72654b005ad0,2023-02-04,deal_376,169,94
916bd626-b0ca-49d5-8d71-f01cb08c7722,2023-04-10,deal_377,475,49
f2eb91ea-95f2-4509-bceb-42944d35aec0,2023-03-24,deal_378,174,42
ad14d092-9ee3-4ec9-b810-58eb51d8fc6e,2023-10-24,deal_379,355,70
c91110d6-856d-4cb0-8242-ddf8939d18a5,2023-04-19,deal_380,130,87
9a9cc4b9-04ff-480c-8ddc-2290d0e650a8,2023-03-30,deal_381,465,74
b6cdf878-c170-4a5f-8842-a5c4855f4e6c,2023-03-30,deal_382,494,96
65f6196e-9d08-4792-a74f-506061bfe2bc,2023-01-30,deal_383,676,27
5b7052ac-7384-459a-9455-998d35171463,2023-02-16,deal_384,785,37
537d4179-dc03-42a3-aa38-eb9a2f8bf3cc,2023-04-14,deal_385,598,69
9abe7d24-56e8-4ea9-9da2-ca25bb89738a,2023-03-21,deal_386,347,60
5ba6a40a-e301-4f53-b512-974710465fcb,2023-02-28,deal_387,904,47
60a50de8-0fe8-48f0-81f1-30e0286faf37,2023-09-25,deal_388,493,36
a571dde0-cbf9-4fbb-9fc1-811fdf94edaf,2023-01-15,deal_389,357,89
942758ad-e1eb-4bcd-9b2c-4828ec4d8df0,2023-06-14,deal_390,193,36
a77c2304-82da-40d5-accb-68ac507752b4,2023-02-21,deal_391,629,78
a636a419-ca00-4d68-b86a-0034ed401d49,2023-07-29,deal_392,989,20
2a15e199-79d5-4585-b562-8a526d27ab83,2023-08-15,deal_393,614,89
3379b525-c6d5-4232-a287-109512b96480,2023-04-26,deal_394,709,77
b32daf59-d966-4196-ab6f-d31d26085072,2023-09-26,deal_395,264,36
ad9d0526-69da-43a9-8b81-688e039eff37,2023-03-27,deal_396,890,51
f5dde391-9fb4-42d0-8755-b8ca6553d6d4,2023-12-19,deal_397,632,84
1ea8892a-8c46-432c-8940-99860520a985,2023-07-18,deal_398,564,38
837db8ba-a5b1-4cfe-8fa2-2b544fffff8d,2023-02-13,deal_399,668,51
70a2f494-209e-408b-bb67-c7f761c8a7f5,2023-01-25,deal_400,530,5
12568b68-504c-4c3c-9307-7c29fce166f4,2023-07-15,deal_401,794,49
fdda64ca-f1fa-4053-bf44-5988f5e3d42a,2023-08-16,deal_402,647,74
cec393f8-78f2-436f-966f-e72d674211d8,2023-06-03,deal_403,407,81
58ef228c-797b-4617-aebe-c871c453809d,2023-04-19,deal_404,642,29
d68f2a72-1701-4b79-bc86-da221eb4b554,2023-12-24,deal_405,240,84
808b17b6-ae1e-4ee3-8b29-a1b350217f35,2023-02-08,deal_406,812,14
41b4816a-ae2a-4251-baed-904df4eff329,2023-05-18,deal_407,192,65
fd1f3a66-aa8f-4dca-80fb-e5c7320eb0e2,2023-08-13,deal_408,584,1
5f9db817-627a-448c-a1bc-ec6fb2fef9cd,2023-12-13,deal_409,283,58
343a9835-5a24-47bf-97b4-d8c20c28ee50,2023-06-01,deal_410,264,82
b0529748-88f4-4d36-a01d-9e3a11f5c1ea,2023-02-07,deal_411,919,86
67dfcaf7-c723-4f02-be59-56cfb4fdb6a1,2023-01-23,deal_412,422,34
70789f5e-74ab-4a40-a7bf-4d18b3c92bab,2023-12-14,deal_413,169,41
23541654-ce5c-41ec-b061-8bf7ec6f270d,2023-12-08,deal_414,703,77
5313c9ca-564b-4d41-ba93-4027bb185eaa,2023-10-29,deal_415,158,18
6f9f2993-a36e-41ce-a408-0314f78df5f5,2023-04-23,deal_416,647,10
17c7c7aa-f5ed-4fee-bc8c-46a86fcea396,2023-09-24,deal_417,276,37
ae11144a-b6af-44d0-b7ae-a8bb6bdc898c,2023-03-18,deal_418,561,18
8099ea8b-00c4-4e7d-8df3-da5e9e663a42,2023-08-13,deal_419,928,13
36b6906d-95ae-443f-af83-02d240084ced,2023-02-01,deal_420,427,79
2c0a8f9a-c3de-4e96-8ebb-fe940a1e212a,2023-07-16,deal_421,543,86
89a0ca5d-2c4f-4e64-9cbf-5e03485cf364,2023-04-14,deal_422,538,97
12e36232-b6c8-4aa8-b5b8-c65c2afbf326,2023-07-16,deal_423,542,56
f1c7998a-3058-4121-8e23-e7b816030ef2,2023-09-28,deal_424,717,71
539d3cd9-033a-4205-beb6-cf7496b4cb7e,2023-04-22,deal_425,760,15
bdb8c66a-237b-4cb2-b956-d0b15cc0b055,2023-06-20,deal_426,319,98
8cc317f0-6f61-4bc8-b6e6-5dbc9e03f25d,2023-03-08,deal_427,743,30
65869b3f-642c-4b74-8385-f450660e3771,2023-06-26,deal_428,865,54
97b63b88-c688-4a14-b08a-cb3739f94452,2023-07-16,deal_429,941,59
857dc3ad-ba38-404e-9cca-c6626151622d,2023-10-16,deal_430,100,41
4f3d9ffc-0183-4490-bbdf-1e27357db9b7,2023-01-26,deal_431,619,41
fc261ff5-30ea-4110-82e2-68b3c3e68288,2023-12-03,deal_432,797,64
ad37d4c6-cb5d-4bda-8f58-b484ecebb12d,2023-06-09,deal_433,552,50
be13f7d6-2a51-4243-8939-767c76d3d710,2023-04-04,deal_434,786,83
b7b66045-7e58-45a0-bc51-a9981f340b21,2023-08-20,deal_435,793,100
ccbcc65b-1c6b-4ed4-8d7f-4c57ac373c4b,2023-08-30,deal_436,248,68
ec61b970-d23b-4f41-b2d0-9ec0ad2d3be9,2023-04-01,deal_437,834,27
72675e63-b502-4c03-b217-68b2c1230e87,2023-01-21,deal_438,920,86
ce414fb0-fdc7-4b6c-9a68-eb240efb1e3b,2023-10-07,deal_439,454,44
9e73cffc-3e52-4200-886e-15fc93054bd2,2023-04-08,deal_440,989,52
89bee7fd-fd09-4135-a5d8-989adcff3b9d,2023-06-24,deal_441,910,17
b0044396-acd9-4e30-a8ee-911ce9b5b2c8,2023-02-17,deal_442,782,18
a36bdb2d-1995-4377-a854-8bdcea2958e1,2023-09-21,deal_443,353,20
0ea9bf76-9194-497b-9138-b5965bb5c4d9,2023-09-28,deal_444,379,48
c3290edb-7eaa-4844-b8ad-97550fb0c388,2023-07-03,deal_445,378,5
32d77725-9eb9-4dac-a897-eee60575a8dd,2023-06-14,deal_446,994,68
d85b7d89-4c4a-48d6-88c3-ce9b35d1ec28,2023-07-23,deal_447,191,30
8e9f38cf-ec13-4cf3-a8c4-9933ce4e6d53,2023-10-29,deal_448,486,1
71c0f724-d857-4f95-b70b-42f630e79a89,2023-02-09,deal_449,523,49
8d70c4ec-be88-45b2-863e-f632bff09f88,2023-01-18,deal_450,615,11
d0b180ea-3b97-4a86-af72-f5efc8fbeb2c,2023-05-07,deal_451,246,92
fc790e85-2264-4069-9540-f4c6a23b408c,2023-04-09,deal_452,301,55
3a4c6916-c8f2-427e-babd-860a5dd9e26f,2023-12-15,deal_453,964,66
49876868-f466-4b69-9543-5e0131568401,2023-11-07,deal_454,625,16
a5383ddb-7e88-43b8-bfa1-25f15f3d59c8,2023-12-14,deal_455,684,64
98da7b0a-d857-4177-8df5-ace60cbda7ff,2023-11-05,deal_456,911,2
c14bd533-bc8f-48ae-91f6-d9c97445dc7a,2023-03-21,deal_457,413,6
f1c5aba6-2412-45dd-9845-3e4bed790168,2023-10-21,deal_458,392,82
f845f4f3-c743-46e3-acc4-5881d4720300,2023-11-22,deal_459,529,20
f186188c-1eba-42c9-9acb-8d4092e1b115,2023-02-10,deal_460,558,43
e120bdf8-2ee2-421e-8f90-ce6dd8118788,2023-03-22,deal_461,678,52
56675f52-3a28-446b-8340-29b30ece3269,2023-07-19,deal_462,707,62
432b7e2d-7cf0-4f52-81df-2140644769ae,2023-11-27,deal_463,938,32
bcb46492-462e-40c4-8261-0be1a493e75a,2023-03-05,deal_464,682,50
265cecc0-38eb-403a-a18c-4b345e3998f3,2023-10-07,deal_465,208,83
007da143-05f7-45dd-a4df-eaa6af938c88,2023-01-16,deal_466,495,52
1b3c91f9-0541-4734-a799-d9591b89b051,2023-02-03,deal_467,645,59
e30a5bc9-b481-4247-aef3-5db480feb739,2023-01-24,deal_468,286,4
81b7aadd-22db-480f-9d77-d627968b0315,2023-07-31,deal_469,212,74
cabe4d10-f825-4e9e-8740-03a3b9b3dfe6,2023-02-15,deal_470,321,35
6de04834-ad1b-432e-9fa5-deb58e86e7f3,2023-07-11,deal_471,775,41
64186119-64ca-4ca7-8764-64c500c5ae9d,2023-01-11,deal_472,312,23
1c03521a-e43e-4a1c-8fdd-1b98f37f70d8,2023-03-10,deal_473,142,81
1e7a13d4-f2f6-4365-ae5a-620125cc3497,2023-05-16,deal_474,738,29
1e152a49-b8af-412a-a281-2c2d95c0d951,2023-07-28,deal_475,1000,31
1a61390e-4185-4409-bfeb-a9780e83a4e7,2023-02-07,deal_476,269,27
974f1c33-f623-474b-8ffb-c124faf0425b,2023-01-28,deal_477,276,70
e3193ef1-ce52-4e24-a9cc-6d351cdda363,2023-07-03,deal_478,992,17
b7765c0a-c174-468f-8dd9-7162af2744e6,2023-03-11,deal_479,685,96
5d61b9fc-6bcd-4b78-a21e-1ef62d0316d5,2023-08-31,deal_480,406,41
426a7115-bac8-4654-b818-20dfffe142d4,2023-11-09,deal_481,925,77
642a0d55-6acf-43ba-a7fd-cae36078121d,2023-02-26,deal_482,308,25
1b0a0cd4-a138-4633-a9bf-9766c5229ace,2023-04-28,deal_483,415,67
342c8012-385b-4534-a758-114e01d2ef6b,2023-05-05,deal_484,982,10
8a5843a0-9839-4268-aa17-1fc4d2f6d8a1,2023-11-22,deal_485,690,14
482fcae2-b9d2-44de-9323-929bfda69e0a,2023-09-26,deal_486,362,34
80e97c82-622c-4103-a476-708f33ba0dd5,2023-10-05,deal_487,461,56
c2c515a3-13f6-4ba2-8712-8cf5f316473a,2023-11-23,deal_488,658,38
0ec1f1f0-19e9-4ecb-89cf-b853d479c8a0,2023-11-08,deal_489,380,62
7a8481f2-90a2-42ed-876a-ee8f468af1bf,2023-12-21,deal_490,201,61
23ec90c0-aece-4984-b7ba-1a10b5748066,2023-07-23,deal_491,210,40
edf8cc8c-8785-4cad-8f26-2d105cb8a98f,2023-08-19,deal_492,316,85
e03083ee-b489-4bf4-a809-3b639e0c1d22,2023-10-11,deal_493,514,65
682e2c06-85c5-4eb2-8102-32536eafcfcc,2023-02-20,deal_494,348,100
ba2e279e-6629-4746-8b52-516cc5c248f6,2023-07-15,deal_495,441,75
bcca4ee2-ad36-43f8-835a-d1b09b61afe7,2023-09-18,deal_496,639,20
a93e30ec-18e9-4147-b501-d8f5799bb485,2023-09-04,deal_497,916,6
966a5f6b-63a4-4b50-9d4f-c84f539279a9,2023-09-25,deal_498,922,52
3dc85602-83d7-4a4f-b44b-49587dbd69d8,2023-12-23,deal_499,708,46
